Game Turn, City, Production Added, Current Item, Current Production, Production Needed, Overflow
1, LOC_CITY_NAME_TENOCHTITLAN, 5.3, UNIT_BUILDER, 5.3, 25, 0.0
2, LOC_CITY_NAME_TENOCHTITLAN, 5.3, UNIT_BUILDER, 10.5, 25, 0.0
2, LOC_CITY_NAME_POKROVKA, 5.0, UNIT_SCOUT, 5.0, 15, 0.0
2, LOC_CITY_NAME_AACHEN, 5.0, UNIT_SCOUT, 5.0, 15, 0.0
2, LOC_CITY_NAME_PARIS, 7.5, UNIT_SCOUT, 7.5, 15, 0.0
2, LOC_CITY_NAME_HATTUSA, 2.8, BUILDING_MONUMENT, 2.8, 30, 0.0
2, LOC_CITY_NAME_JERUSALEM, 3.3, BUILDING_MONUMENT, 3.3, 30, 0.0
2, LOC_CITY_NAME_CARTHAGE, 2.8, BUILDING_MONUMENT, 2.8, 30, 0.0
2, LOC_CITY_NAME_PRESLAV, 2.2, BUILDING_MONUMENT, 2.2, 30, 0.0
2, LOC_CITY_NAME_LISBON, 2.2, BUILDING_MONUMENT, 2.2, 30, 0.0
2, LOC_CITY_NAME_KABUL, 2.2, BUILDING_MONUMENT, 2.2, 30, 0.0
2, LOC_CITY_NAME_YEREVAN, 2.8, BUILDING_MONUMENT, 2.8, 30, 0.0
2, LOC_CITY_NAME_KANDY, 5.0, UNIT_SLINGER, 5.0, 17, 0.0
2, LOC_CITY_NAME_SEOUL, 3.3, BUILDING_MONUMENT, 3.3, 30, 0.0
3, LOC_CITY_NAME_TENOCHTITLAN, 5.3, UNIT_BUILDER, 15.8, 25, 0.0
3, LOC_CITY_NAME_POKROVKA, 5.0, UNIT_SCOUT, 10.0, 15, 0.0
3, LOC_CITY_NAME_WASHINGTON, 3.8, UNIT_SCOUT, 3.8, 15, 0.0
3, LOC_CITY_NAME_AACHEN, 5.0, UNIT_SCOUT, 10.0, 15, 0.0
3, LOC_CITY_NAME_PARIS, 7.5, UNIT_SCOUT, 15.0, 15, 0.0
3, LOC_CITY_NAME_ST_PETERSBURG, 8.8, UNIT_SCOUT, 8.8, 15, 0.0
3, LOC_CITY_NAME_HATTUSA, 2.8, BUILDING_MONUMENT, 5.5, 30, 0.0
3, LOC_CITY_NAME_JERUSALEM, 3.3, BUILDING_MONUMENT, 6.6, 30, 0.0
3, LOC_CITY_NAME_CARTHAGE, 2.8, BUILDING_MONUMENT, 5.5, 30, 0.0
3, LOC_CITY_NAME_PRESLAV, 2.2, BUILDING_MONUMENT, 4.4, 30, 0.0
3, LOC_CITY_NAME_LISBON, 2.2, BUILDING_MONUMENT, 4.4, 30, 0.0
3, LOC_CITY_NAME_KABUL, 2.2, BUILDING_MONUMENT, 4.4, 30, 0.0
3, LOC_CITY_NAME_YEREVAN, 2.8, BUILDING_MONUMENT, 5.5, 30, 0.0
3, LOC_CITY_NAME_KANDY, 5.0, UNIT_SLINGER, 9.9, 17, 0.0
3, LOC_CITY_NAME_SEOUL, 3.3, BUILDING_MONUMENT, 6.6, 30, 0.0
4, LOC_CITY_NAME_TENOCHTITLAN, 5.3, UNIT_BUILDER, 21.0, 25, 0.0
4, LOC_CITY_NAME_POKROVKA, 5.0, UNIT_SCOUT, 15.0, 15, 0.0
4, LOC_CITY_NAME_WASHINGTON, 3.8, UNIT_SCOUT, 7.5, 15, 0.0
4, LOC_CITY_NAME_AACHEN, 5.0, UNIT_SCOUT, 15.0, 15, 0.0
4, LOC_CITY_NAME_PARIS, 7.5, UNIT_BUILDER, 7.5, 25, 0.0
4, LOC_CITY_NAME_ST_PETERSBURG, 8.8, UNIT_SCOUT, 17.5, 15, 0.0
4, LOC_CITY_NAME_HATTUSA, 2.8, BUILDING_MONUMENT, 8.3, 30, 0.0
4, LOC_CITY_NAME_JERUSALEM, 3.3, BUILDING_MONUMENT, 9.9, 30, 0.0
4, LOC_CITY_NAME_CARTHAGE, 2.8, BUILDING_MONUMENT, 8.3, 30, 0.0
4, LOC_CITY_NAME_PRESLAV, 2.2, BUILDING_MONUMENT, 6.6, 30, 0.0
4, LOC_CITY_NAME_LISBON, 2.2, BUILDING_MONUMENT, 6.6, 30, 0.0
4, LOC_CITY_NAME_KABUL, 2.2, BUILDING_MONUMENT, 6.6, 30, 0.0
4, LOC_CITY_NAME_YEREVAN, 2.8, BUILDING_MONUMENT, 8.3, 30, 0.0
4, LOC_CITY_NAME_KANDY, 5.0, UNIT_SLINGER, 14.9, 17, 0.0
4, LOC_CITY_NAME_SEOUL, 3.3, BUILDING_MONUMENT, 9.9, 30, 0.0
5, LOC_CITY_NAME_TENOCHTITLAN, 7.3, UNIT_BUILDER, 28.3, 25, 3.3
5, LOC_CITY_NAME_POKROVKA, 5.0, BUILDING_MONUMENT, 5.0, 30, 0.0
5, LOC_CITY_NAME_WASHINGTON, 5.0, UNIT_SCOUT, 12.5, 15, 0.0
5, LOC_CITY_NAME_AACHEN, 5.0, UNIT_BUILDER, 5.0, 25, 0.0
5, LOC_CITY_NAME_PARIS, 7.5, UNIT_BUILDER, 15.0, 25, 0.0
5, LOC_CITY_NAME_ST_PETERSBURG, 8.8, UNIT_BUILDER, 8.8, 25, 0.0
5, LOC_CITY_NAME_HATTUSA, 2.8, BUILDING_MONUMENT, 11.0, 30, 0.0
5, LOC_CITY_NAME_JERUSALEM, 3.3, BUILDING_MONUMENT, 13.2, 30, 0.0
5, LOC_CITY_NAME_CARTHAGE, 2.8, BUILDING_MONUMENT, 11.0, 30, 0.0
5, LOC_CITY_NAME_PRESLAV, 2.2, BUILDING_MONUMENT, 8.8, 30, 0.0
5, LOC_CITY_NAME_LISBON, 2.2, BUILDING_MONUMENT, 8.8, 30, 0.0
5, LOC_CITY_NAME_KABUL, 2.2, BUILDING_MONUMENT, 8.8, 30, 0.0
5, LOC_CITY_NAME_YEREVAN, 2.8, BUILDING_MONUMENT, 11.0, 30, 0.0
5, LOC_CITY_NAME_KANDY, 6.6, UNIT_SLINGER, 21.5, 17, 0.1
5, LOC_CITY_NAME_SEOUL, 3.3, BUILDING_MONUMENT, 13.2, 30, 0.0
6, LOC_CITY_NAME_TENOCHTITLAN, 10.7, BUILDING_MONUMENT, 10.7, 30, 0.0
6, LOC_CITY_NAME_POKROVKA, 7.5, BUILDING_MONUMENT, 12.5, 30, 0.0
6, LOC_CITY_NAME_WASHINGTON, 5.0, UNIT_SCOUT, 17.5, 15, 2.5
6, LOC_CITY_NAME_AACHEN, 5.0, UNIT_BUILDER, 10.0, 25, 0.0
6, LOC_CITY_NAME_PARIS, 7.5, UNIT_BUILDER, 22.5, 25, 0.0
6, LOC_CITY_NAME_ST_PETERSBURG, 8.8, UNIT_BUILDER, 17.5, 25, 0.0
6, LOC_CITY_NAME_HATTUSA, 2.8, BUILDING_MONUMENT, 13.8, 30, 0.0
6, LOC_CITY_NAME_JERUSALEM, 3.9, BUILDING_MONUMENT, 17.1, 30, 0.0
6, LOC_CITY_NAME_CARTHAGE, 2.8, BUILDING_MONUMENT, 13.8, 30, 0.0
6, LOC_CITY_NAME_PRESLAV, 2.8, BUILDING_MONUMENT, 11.6, 30, 0.0
6, LOC_CITY_NAME_LISBON, 2.2, BUILDING_MONUMENT, 11.0, 30, 0.0
6, LOC_CITY_NAME_KABUL, 2.8, BUILDING_MONUMENT, 11.6, 30, 0.0
6, LOC_CITY_NAME_YEREVAN, 2.8, BUILDING_MONUMENT, 13.8, 30, 0.0
6, LOC_CITY_NAME_KANDY, 6.8, UNIT_BUILDER, 6.8, 25, 0.0
6, LOC_CITY_NAME_SEOUL, 3.3, BUILDING_MONUMENT, 16.5, 30, 0.0
7, LOC_CITY_NAME_TENOCHTITLAN, 7.3, BUILDING_MONUMENT, 18.0, 30, 0.0
7, LOC_CITY_NAME_POKROVKA, 7.5, BUILDING_MONUMENT, 20.0, 30, 0.0
7, LOC_CITY_NAME_WASHINGTON, 7.5, UNIT_BUILDER, 7.5, 25, 0.0
7, LOC_CITY_NAME_AACHEN, 5.0, UNIT_BUILDER, 15.0, 25, 0.0
7, LOC_CITY_NAME_PARIS, 7.5, UNIT_BUILDER, 30.0, 25, 5.0
7, LOC_CITY_NAME_ST_PETERSBURG, 8.8, UNIT_BUILDER, 26.3, 25, 0.0
7, LOC_CITY_NAME_HATTUSA, 2.8, BUILDING_MONUMENT, 16.5, 30, 0.0
7, LOC_CITY_NAME_JERUSALEM, 3.9, BUILDING_MONUMENT, 20.9, 30, 0.0
7, LOC_CITY_NAME_CARTHAGE, 2.8, BUILDING_MONUMENT, 16.5, 30, 0.0
7, LOC_CITY_NAME_PRESLAV, 2.8, BUILDING_MONUMENT, 14.3, 30, 0.0
7, LOC_CITY_NAME_LISBON, 2.2, BUILDING_MONUMENT, 13.2, 30, 0.0
7, LOC_CITY_NAME_KABUL, 2.8, BUILDING_MONUMENT, 14.3, 30, 0.0
7, LOC_CITY_NAME_YEREVAN, 2.8, BUILDING_MONUMENT, 16.5, 30, 0.0
7, LOC_CITY_NAME_KANDY, 6.6, UNIT_BUILDER, 13.4, 25, 0.0
7, LOC_CITY_NAME_SEOUL, 3.3, BUILDING_MONUMENT, 19.8, 30, 0.0
8, LOC_CITY_NAME_TENOCHTITLAN, 8.4, BUILDING_MONUMENT, 26.4, 30, 0.0
8, LOC_CITY_NAME_POKROVKA, 7.5, BUILDING_MONUMENT, 27.5, 30, 0.0
8, LOC_CITY_NAME_WASHINGTON, 7.2, UNIT_BUILDER, 14.7, 25, 0.0
8, LOC_CITY_NAME_AACHEN, 8.4, UNIT_BUILDER, 23.4, 25, 0.0
8, LOC_CITY_NAME_PARIS, 12.5, UNIT_SLINGER, 12.5, 17, 0.0
8, LOC_CITY_NAME_ST_PETERSBURG, 8.8, UNIT_SLINGER, 8.8, 17, 0.0
8, LOC_CITY_NAME_HATTUSA, 2.8, BUILDING_MONUMENT, 19.3, 30, 0.0
8, LOC_CITY_NAME_JERUSALEM, 3.9, BUILDING_MONUMENT, 24.8, 30, 0.0
8, LOC_CITY_NAME_CARTHAGE, 2.8, BUILDING_MONUMENT, 19.3, 30, 0.0
8, LOC_CITY_NAME_PRESLAV, 2.8, BUILDING_MONUMENT, 17.1, 30, 0.0
8, LOC_CITY_NAME_LISBON, 2.2, BUILDING_MONUMENT, 15.4, 30, 0.0
8, LOC_CITY_NAME_KABUL, 2.8, BUILDING_MONUMENT, 17.1, 30, 0.0
8, LOC_CITY_NAME_YEREVAN, 2.8, BUILDING_MONUMENT, 19.3, 30, 0.0
8, LOC_CITY_NAME_KANDY, 6.6, UNIT_BUILDER, 20.1, 25, 0.0
8, LOC_CITY_NAME_SEOUL, 3.3, BUILDING_MONUMENT, 23.1, 30, 0.0
9, LOC_CITY_NAME_TENOCHTITLAN, 8.4, BUILDING_MONUMENT, 34.8, 30, 4.8
9, LOC_CITY_NAME_POKROVKA, 7.5, BUILDING_MONUMENT, 35.0, 30, 5.0
9, LOC_CITY_NAME_WASHINGTON, 7.2, UNIT_BUILDER, 21.9, 25, 0.0
9, LOC_CITY_NAME_AACHEN, 8.4, UNIT_BUILDER, 31.8, 25, 4.4
9, LOC_CITY_NAME_PARIS, 8.8, UNIT_SLINGER, 21.3, 17, 4.3
9, LOC_CITY_NAME_ST_PETERSBURG, 8.8, UNIT_SLINGER, 17.5, 17, 0.0
9, LOC_CITY_NAME_HATTUSA, 2.8, BUILDING_MONUMENT, 22.0, 30, 0.0
9, LOC_CITY_NAME_JERUSALEM, 3.9, BUILDING_MONUMENT, 28.6, 30, 0.0
9, LOC_CITY_NAME_CARTHAGE, 3.3, BUILDING_MONUMENT, 22.6, 30, 0.0
9, LOC_CITY_NAME_PRESLAV, 2.8, BUILDING_MONUMENT, 19.8, 30, 0.0
9, LOC_CITY_NAME_LISBON, 2.2, BUILDING_MONUMENT, 17.6, 30, 0.0
9, LOC_CITY_NAME_KABUL, 2.8, BUILDING_MONUMENT, 19.8, 30, 0.0
9, LOC_CITY_NAME_YEREVAN, 3.3, BUILDING_MONUMENT, 22.6, 30, 0.0
9, LOC_CITY_NAME_KANDY, 6.6, UNIT_BUILDER, 26.7, 25, 0.0
9, LOC_CITY_NAME_SEOUL, 3.3, BUILDING_MONUMENT, 26.4, 30, 0.0
10, LOC_CITY_NAME_TENOCHTITLAN, 13.2, UNIT_AZTEC_EAGLE_WARRIOR, 13.2, 32, 0.0
10, LOC_CITY_NAME_POKROVKA, 14.6, UNIT_SLINGER, 14.6, 17, 0.0
10, LOC_CITY_NAME_WASHINGTON, 7.2, UNIT_BUILDER, 29.1, 25, 4.1
10, LOC_CITY_NAME_AACHEN, 9.2, BUILDING_GRANARY, 9.2, 32, 0.0
10, LOC_CITY_NAME_PARIS, 13.0, BUILDING_MONUMENT, 13.0, 30, 0.0
10, LOC_CITY_NAME_ST_PETERSBURG, 7.5, BUILDING_MONUMENT, 7.5, 30, 0.0
10, LOC_CITY_NAME_HATTUSA, 2.5, BUILDING_MONUMENT, 24.5, 30, 0.0
10, LOC_CITY_NAME_JERUSALEM, 3.9, BUILDING_MONUMENT, 32.5, 30, 2.5
10, LOC_CITY_NAME_CARTHAGE, 3.3, BUILDING_MONUMENT, 25.9, 30, 0.0
10, LOC_CITY_NAME_PRESLAV, 2.8, BUILDING_MONUMENT, 22.6, 30, 0.0
10, LOC_CITY_NAME_LISBON, 2.2, BUILDING_MONUMENT, 19.8, 30, 0.0
10, LOC_CITY_NAME_KABUL, 2.8, BUILDING_MONUMENT, 22.6, 30, 0.0
10, LOC_CITY_NAME_YEREVAN, 3.3, BUILDING_MONUMENT, 25.9, 30, 0.0
10, LOC_CITY_NAME_KANDY, 2.5, BUILDING_GRANARY, 2.5, 32, 0.0
10, LOC_CITY_NAME_SEOUL, 3.9, BUILDING_MONUMENT, 30.3, 30, 0.3
11, LOC_CITY_NAME_TENOCHTITLAN, 6.3, UNIT_AZTEC_EAGLE_WARRIOR, 19.5, 32, 0.0
11, LOC_CITY_NAME_POKROVKA, 9.6, UNIT_SLINGER, 24.2, 17, 7.2
11, LOC_CITY_NAME_WASHINGTON, 10.1, BUILDING_GRANARY, 10.1, 32, 0.0
11, LOC_CITY_NAME_AACHEN, 7.2, BUILDING_GRANARY, 16.4, 32, 0.0
11, LOC_CITY_NAME_PARIS, 8.8, BUILDING_MONUMENT, 21.8, 30, 0.0
11, LOC_CITY_NAME_ST_PETERSBURG, 7.5, BUILDING_MONUMENT, 15.0, 30, 0.0
11, LOC_CITY_NAME_HATTUSA, 2.5, BUILDING_MONUMENT, 27.0, 30, 0.0
11, LOC_CITY_NAME_JERUSALEM, 19.4, UNIT_BUILDER, 19.4, 25, 0.0
11, LOC_CITY_NAME_CARTHAGE, 3.3, BUILDING_MONUMENT, 29.2, 30, 0.0
11, LOC_CITY_NAME_PRESLAV, 2.5, BUILDING_MONUMENT, 25.1, 30, 0.0
11, LOC_CITY_NAME_LISBON, 2.0, BUILDING_MONUMENT, 21.8, 30, 0.0
11, LOC_CITY_NAME_KABUL, 2.5, BUILDING_MONUMENT, 25.1, 30, 0.0
11, LOC_CITY_NAME_YEREVAN, 3.3, BUILDING_MONUMENT, 29.2, 30, 0.0
11, LOC_CITY_NAME_KANDY, 2.5, BUILDING_GRANARY, 5.0, 32, 0.0
11, LOC_CITY_NAME_SEOUL, 10.7, UNIT_BUILDER, 10.7, 25, 0.0
12, LOC_CITY_NAME_TENOCHTITLAN, 8.0, UNIT_AZTEC_EAGLE_WARRIOR, 27.5, 32, 0.0
12, LOC_CITY_NAME_POKROVKA, 16.8, UNIT_WARRIOR, 16.8, 20, 0.0
12, LOC_CITY_NAME_WASHINGTON, 7.2, BUILDING_GRANARY, 17.3, 32, 0.0
12, LOC_CITY_NAME_AACHEN, 7.2, BUILDING_GRANARY, 23.6, 32, 0.0
12, LOC_CITY_NAME_PARIS, 8.8, BUILDING_MONUMENT, 30.5, 30, 0.5
12, LOC_CITY_NAME_ST_PETERSBURG, 7.5, BUILDING_MONUMENT, 22.5, 30, 0.0
12, LOC_CITY_NAME_HATTUSA, 2.5, BUILDING_MONUMENT, 29.5, 30, 0.0
12, LOC_CITY_NAME_JERUSALEM, 12.0, UNIT_BUILDER, 31.4, 25, 0.0
12, LOC_CITY_NAME_CARTHAGE, 3.3, BUILDING_MONUMENT, 32.5, 30, 2.5
12, LOC_CITY_NAME_PRESLAV, 2.5, BUILDING_MONUMENT, 27.6, 30, 0.0
12, LOC_CITY_NAME_LISBON, 2.0, BUILDING_MONUMENT, 23.8, 30, 0.0
12, LOC_CITY_NAME_KABUL, 2.5, BUILDING_MONUMENT, 27.6, 30, 0.0
12, LOC_CITY_NAME_YEREVAN, 3.3, BUILDING_MONUMENT, 32.5, 30, 2.5
12, LOC_CITY_NAME_KANDY, 2.5, BUILDING_GRANARY, 7.5, 32, 0.0
12, LOC_CITY_NAME_SEOUL, 11.6, UNIT_BUILDER, 22.2, 25, 0.0
13, LOC_CITY_NAME_TENOCHTITLAN, 8.0, UNIT_AZTEC_EAGLE_WARRIOR, 35.5, 32, 3.5
13, LOC_CITY_NAME_POKROVKA, 9.6, UNIT_WARRIOR, 26.4, 20, 6.4
13, LOC_CITY_NAME_WASHINGTON, 6.0, BUILDING_GRANARY, 23.3, 32, 0.0
13, LOC_CITY_NAME_AACHEN, 7.2, BUILDING_GRANARY, 30.8, 32, 0.0
13, LOC_CITY_NAME_PARIS, 9.3, DISTRICT_HOLY_SITE, 9.3, 31, 0.0
13, LOC_CITY_NAME_ST_PETERSBURG, 7.5, BUILDING_MONUMENT, 30.0, 30, 0.0
13, LOC_CITY_NAME_HATTUSA, 2.5, BUILDING_MONUMENT, 32.0, 30, 2.0
13, LOC_CITY_NAME_JERUSALEM, 21.0, DISTRICT_HOLY_SITE, 21.0, 31, 0.0
13, LOC_CITY_NAME_CARTHAGE, 17.3, UNIT_WARRIOR, 17.3, 20, 0.0
13, LOC_CITY_NAME_PRESLAV, 2.5, BUILDING_MONUMENT, 30.1, 30, 0.1
13, LOC_CITY_NAME_LISBON, 2.0, BUILDING_MONUMENT, 25.8, 30, 0.0
13, LOC_CITY_NAME_KABUL, 2.5, BUILDING_MONUMENT, 30.1, 30, 0.1
13, LOC_CITY_NAME_YEREVAN, 17.3, UNIT_WARRIOR, 17.3, 20, 0.0
13, LOC_CITY_NAME_KANDY, 2.5, BUILDING_GRANARY, 10.0, 32, 0.0
13, LOC_CITY_NAME_SEOUL, 9.9, UNIT_BUILDER, 32.1, 25, 0.5
14, LOC_CITY_NAME_TENOCHTITLAN, 11.5, UNIT_BUILDER, 11.5, 27, 0.0
14, LOC_CITY_NAME_POKROVKA, 16.0, UNIT_ARCHER, 16.0, 30, 0.0
14, LOC_CITY_NAME_WASHINGTON, 6.0, BUILDING_GRANARY, 29.3, 32, 0.0
14, LOC_CITY_NAME_AACHEN, 7.2, BUILDING_GRANARY, 38.0, 32, 6.0
14, LOC_CITY_NAME_PARIS, 8.8, DISTRICT_HOLY_SITE, 18.0, 31, 0.0
14, LOC_CITY_NAME_ST_PETERSBURG, 9.6, DISTRICT_LAVRA, 9.6, 15, 0.0
14, LOC_CITY_NAME_HATTUSA, 13.5, UNIT_BUILDER, 13.5, 25, 0.0
14, LOC_CITY_NAME_JERUSALEM, 21.0, DISTRICT_HOLY_SITE, 42.0, 31, 0.0
14, LOC_CITY_NAME_CARTHAGE, 9.9, UNIT_WARRIOR, 27.2, 20, 0.6
14, LOC_CITY_NAME_PRESLAV, 7.7, UNIT_BUILDER, 7.7, 25, 0.0
14, LOC_CITY_NAME_LISBON, 2.0, BUILDING_MONUMENT, 27.8, 30, 0.0
14, LOC_CITY_NAME_KABUL, 7.7, UNIT_BUILDER, 7.7, 25, 0.0
14, LOC_CITY_NAME_YEREVAN, 9.9, UNIT_WARRIOR, 27.2, 20, 0.6
14, LOC_CITY_NAME_KANDY, 2.5, BUILDING_GRANARY, 12.5, 32, 0.0
14, LOC_CITY_NAME_SEOUL, 4.4, UNIT_TRADER, 4.4, 23, 0.0
15, LOC_CITY_NAME_TENOCHTITLAN, 8.0, UNIT_BUILDER, 19.5, 27, 0.0
15, LOC_CITY_NAME_POKROVKA, 12.0, UNIT_ARCHER, 28.0, 30, 0.0
15, LOC_CITY_NAME_WASHINGTON, 6.0, BUILDING_GRANARY, 35.3, 32, 3.3
15, LOC_CITY_NAME_AACHEN, 14.0, BUILDING_STONEHENGE, 14.0, 90, 0.0
15, LOC_CITY_NAME_PARIS, 8.8, DISTRICT_HOLY_SITE, 26.8, 31, 0.0
15, LOC_CITY_NAME_ST_PETERSBURG, 9.6, DISTRICT_LAVRA, 19.2, 15, 4.2
15, LOC_CITY_NAME_HATTUSA, 7.5, UNIT_BUILDER, 21.0, 25, 0.0
15, LOC_CITY_NAME_JERUSALEM, 3.5, PROJECT_ENHANCE_DISTRICT_HOLY_SITE, 3.5, 19, 0.0
15, LOC_CITY_NAME_CARTHAGE, 11.6, UNIT_BUILDER, 11.6, 25, 0.0
15, LOC_CITY_NAME_PRESLAV, 7.5, UNIT_BUILDER, 15.2, 25, 0.0
15, LOC_CITY_NAME_LISBON, 2.0, BUILDING_MONUMENT, 29.8, 30, 0.0
15, LOC_CITY_NAME_KABUL, 7.5, UNIT_BUILDER, 15.2, 25, 0.0
15, LOC_CITY_NAME_YEREVAN, 11.6, UNIT_BUILDER, 11.6, 25, 0.0
15, LOC_CITY_NAME_KANDY, 2.5, BUILDING_GRANARY, 15.0, 32, 0.0
15, LOC_CITY_NAME_SEOUL, 3.3, UNIT_TRADER, 7.7, 23, 0.0
16, LOC_CITY_NAME_TENOCHTITLAN, 8.0, UNIT_BUILDER, 27.5, 27, 0.5
16, LOC_CITY_NAME_POKROVKA, 12.0, UNIT_ARCHER, 40.0, 30, 10.0
16, LOC_CITY_NAME_WASHINGTON, 9.0, BUILDING_STONEHENGE, 9.0, 90, 0.0
16, LOC_CITY_NAME_AACHEN, 6.9, BUILDING_STONEHENGE, 20.9, 90, 0.0
16, LOC_CITY_NAME_PARIS, 8.8, DISTRICT_HOLY_SITE, 35.5, 31, 4.5
16, LOC_CITY_NAME_ST_PETERSBURG, 13.8, PROJECT_ENHANCE_DISTRICT_HOLY_SITE, 13.8, 19, 0.0
16, LOC_CITY_NAME_HATTUSA, 7.5, UNIT_BUILDER, 28.5, 25, 0.0
16, LOC_CITY_NAME_JERUSALEM, 3.5, PROJECT_ENHANCE_DISTRICT_HOLY_SITE, 7.0, 21, 0.0
16, LOC_CITY_NAME_CARTHAGE, 9.9, UNIT_BUILDER, 21.5, 25, 0.0
16, LOC_CITY_NAME_PRESLAV, 7.5, UNIT_BUILDER, 22.7, 25, 0.0
16, LOC_CITY_NAME_LISBON, 2.0, BUILDING_MONUMENT, 31.8, 30, 1.8
16, LOC_CITY_NAME_KABUL, 7.5, UNIT_BUILDER, 22.7, 25, 0.0
16, LOC_CITY_NAME_YEREVAN, 9.9, UNIT_BUILDER, 21.5, 25, 0.0
16, LOC_CITY_NAME_KANDY, 2.5, BUILDING_GRANARY, 17.5, 32, 0.0
16, LOC_CITY_NAME_SEOUL, 3.9, UNIT_TRADER, 11.5, 23, 0.0
17, LOC_CITY_NAME_TENOCHTITLAN, 8.5, UNIT_AZTEC_EAGLE_WARRIOR, 8.5, 32, 0.0
17, LOC_CITY_NAME_POKROVKA, 22.0, UNIT_SETTLER, 22.0, 40, 0.0
17, LOC_CITY_NAME_WASHINGTON, 5.8, BUILDING_STONEHENGE, 14.8, 90, 0.0
17, LOC_CITY_NAME_AACHEN, 6.9, BUILDING_STONEHENGE, 27.8, 90, 0.0
17, LOC_CITY_NAME_PARIS, 13.3, UNIT_SETTLER, 13.3, 40, 0.0
17, LOC_CITY_NAME_ST_PETERSBURG, 9.6, PROJECT_ENHANCE_DISTRICT_HOLY_SITE, 23.4, 21, 2.4
17, LOC_CITY_NAME_HATTUSA, 7.5, UNIT_WARRIOR, 7.5, 20, 0.0
17, LOC_CITY_NAME_JERUSALEM, 3.5, PROJECT_ENHANCE_DISTRICT_HOLY_SITE, 10.5, 21, 0.0
17, LOC_CITY_NAME_CARTHAGE, 9.9, UNIT_BUILDER, 31.4, 25, 0.0
17, LOC_CITY_NAME_PRESLAV, 7.5, UNIT_BUILDER, 30.2, 25, 0.2
17, LOC_CITY_NAME_LISBON, 11.5, UNIT_BUILDER, 11.5, 25, 0.0
17, LOC_CITY_NAME_KABUL, 7.5, UNIT_BUILDER, 30.2, 25, 0.2
17, LOC_CITY_NAME_YEREVAN, 9.9, UNIT_BUILDER, 31.4, 25, 0.0
17, LOC_CITY_NAME_KANDY, 2.5, BUILDING_GRANARY, 20.0, 32, 0.0
17, LOC_CITY_NAME_SEOUL, 3.9, UNIT_TRADER, 15.4, 23, 0.0
18, LOC_CITY_NAME_TENOCHTITLAN, 8.4, UNIT_AZTEC_EAGLE_WARRIOR, 16.9, 32, 0.0
18, LOC_CITY_NAME_POKROVKA, 12.0, UNIT_SETTLER, 34.0, 40, 0.0
18, LOC_CITY_NAME_WASHINGTON, 5.8, BUILDING_STONEHENGE, 20.5, 90, 0.0
18, LOC_CITY_NAME_AACHEN, 6.9, BUILDING_STONEHENGE, 34.7, 90, 0.0
18, LOC_CITY_NAME_PARIS, 8.8, UNIT_SETTLER, 22.0, 40, 0.0
18, LOC_CITY_NAME_ST_PETERSBURG, 14.4, UNIT_SETTLER, 14.4, 40, 0.0
18, LOC_CITY_NAME_HATTUSA, 7.5, UNIT_WARRIOR, 15.0, 20, 0.0
18, LOC_CITY_NAME_HATTUSA, 42.0, UNIT_WARRIOR, 57.0, 20, 9.0
18, LOC_CITY_NAME_JERUSALEM, 3.5, PROJECT_ENHANCE_DISTRICT_HOLY_SITE, 14.0, 21, 0.0
18, LOC_CITY_NAME_CARTHAGE, 9.9, UNIT_GALLEY, 9.9, 32, 0.0
18, LOC_CITY_NAME_PRESLAV, 2.7, BUILDING_GRANARY, 2.7, 32, 0.0
18, LOC_CITY_NAME_LISBON, 6.0, UNIT_BUILDER, 17.5, 25, 0.0
18, LOC_CITY_NAME_KABUL, 2.7, BUILDING_GRANARY, 2.7, 32, 0.0
18, LOC_CITY_NAME_YEREVAN, 16.5, DISTRICT_HOLY_SITE, 16.5, 39, 0.0
18, LOC_CITY_NAME_KANDY, 2.5, BUILDING_GRANARY, 22.5, 32, 0.0
18, LOC_CITY_NAME_SEOUL, 3.9, UNIT_TRADER, 19.2, 23, 0.0
19, LOC_CITY_NAME_TENOCHTITLAN, 8.4, UNIT_AZTEC_EAGLE_WARRIOR, 25.3, 32, 0.0
19, LOC_CITY_NAME_POKROVKA, 12.0, UNIT_SETTLER, 46.0, 40, 6.0
19, LOC_CITY_NAME_WASHINGTON, 5.8, BUILDING_STONEHENGE, 26.3, 90, 0.0
19, LOC_CITY_NAME_AACHEN, 8.0, BUILDING_STONEHENGE, 42.8, 90, 0.0
19, LOC_CITY_NAME_PARIS, 8.8, UNIT_SETTLER, 30.8, 40, 0.0
19, LOC_CITY_NAME_ST_PETERSBURG, 12.0, UNIT_SETTLER, 26.4, 40, 0.0
19, LOC_CITY_NAME_JERUSALEM, 3.5, PROJECT_ENHANCE_DISTRICT_HOLY_SITE, 17.5, 21, 0.0
19, LOC_CITY_NAME_CARTHAGE, 9.9, UNIT_GALLEY, 19.8, 32, 0.0
19, LOC_CITY_NAME_PRESLAV, 3.0, BUILDING_GRANARY, 5.7, 32, 0.0
19, LOC_CITY_NAME_LISBON, 6.0, UNIT_BUILDER, 23.5, 25, 0.0
19, LOC_CITY_NAME_KABUL, 2.3, BUILDING_GRANARY, 4.9, 32, 0.0
19, LOC_CITY_NAME_YEREVAN, 18.0, DISTRICT_HOLY_SITE, 34.5, 39, 0.0
19, LOC_CITY_NAME_KANDY, 2.5, BUILDING_GRANARY, 25.0, 32, 0.0
19, LOC_CITY_NAME_SEOUL, 3.9, UNIT_TRADER, 23.1, 23, 0.1
20, LOC_CITY_NAME_TENOCHTITLAN, 8.4, UNIT_AZTEC_EAGLE_WARRIOR, 33.7, 32, 1.7
20, LOC_CITY_NAME_POKROVKA, 18.0, UNIT_BUILDER, 18.0, 25, 0.0
20, LOC_CITY_NAME_WASHINGTON, 6.9, BUILDING_STONEHENGE, 33.2, 90, 0.0
20, LOC_CITY_NAME_AACHEN, 8.0, BUILDING_STONEHENGE, 50.8, 90, 0.0
20, LOC_CITY_NAME_PARIS, 8.8, UNIT_SETTLER, 39.5, 40, 0.0
20, LOC_CITY_NAME_ST_PETERSBURG, 12.0, UNIT_SETTLER, 38.4, 40, 0.0
20, LOC_CITY_NAME_HATTUSA, 13.0, BUILDING_GRANARY, 13.0, 32, 0.0
20, LOC_CITY_NAME_JERUSALEM, 3.5, PROJECT_ENHANCE_DISTRICT_HOLY_SITE, 21.0, 21, 0.0
20, LOC_CITY_NAME_CARTHAGE, 9.9, UNIT_GALLEY, 29.7, 32, 0.0
20, LOC_CITY_NAME_PRESLAV, 3.0, BUILDING_GRANARY, 8.7, 32, 0.0
20, LOC_CITY_NAME_LISBON, 6.0, UNIT_BUILDER, 29.5, 25, 0.5
20, LOC_CITY_NAME_KABUL, 2.3, BUILDING_GRANARY, 7.2, 32, 0.0
20, LOC_CITY_NAME_YEREVAN, 18.0, DISTRICT_HOLY_SITE, 52.5, 39, 0.0
20, LOC_CITY_NAME_KANDY, 2.5, BUILDING_GRANARY, 27.5, 32, 0.0
20, LOC_CITY_NAME_SEOUL, 11.8, UNIT_GALLEY, 11.8, 32, 0.0
21, LOC_CITY_NAME_TENOCHTITLAN, 11.2, DISTRICT_HOLY_SITE, 11.2, 39, 0.0
21, LOC_CITY_NAME_POKROVKA, 12.0, UNIT_BUILDER, 30.0, 25, 5.0
21, LOC_CITY_NAME_WASHINGTON, 6.9, BUILDING_STONEHENGE, 40.1, 90, 0.0
21, LOC_CITY_NAME_AACHEN, 8.0, BUILDING_STONEHENGE, 58.9, 90, 0.0
21, LOC_CITY_NAME_PARIS, 8.8, UNIT_SETTLER, 48.3, 40, 8.3
21, LOC_CITY_NAME_ST_PETERSBURG, 12.0, UNIT_SETTLER, 50.4, 40, 8.0
21, LOC_CITY_NAME_HATTUSA, 2.0, BUILDING_GRANARY, 15.0, 32, 0.0
21, LOC_CITY_NAME_JERUSALEM, 3.5, PROJECT_ENHANCE_DISTRICT_HOLY_SITE, 3.5, 21, 0.0
21, LOC_CITY_NAME_CARTHAGE, 9.9, UNIT_GALLEY, 39.6, 32, 1.0
21, LOC_CITY_NAME_PRESLAV, 3.0, BUILDING_GRANARY, 11.7, 32, 0.0
21, LOC_CITY_NAME_LISBON, 7.5, UNIT_GALLEY, 7.5, 32, 0.0
21, LOC_CITY_NAME_KABUL, 2.3, BUILDING_GRANARY, 9.4, 32, 0.0
21, LOC_CITY_NAME_YEREVAN, 3.0, PROJECT_ENHANCE_DISTRICT_HOLY_SITE, 3.0, 21, 0.0
21, LOC_CITY_NAME_KANDY, 2.5, BUILDING_GRANARY, 30.0, 32, 0.0
21, LOC_CITY_NAME_SEOUL, 11.6, UNIT_GALLEY, 23.4, 32, 0.0
22, LOC_CITY_NAME_TENOCHTITLAN, 9.4, DISTRICT_HOLY_SITE, 20.6, 39, 0.0
22, LOC_CITY_NAME_POKROVKA, 18.2, UNIT_BUILDER, 18.2, 27, 0.0
22, LOC_CITY_NAME_WASHINGTON, 6.9, BUILDING_STONEHENGE, 47.0, 90, 0.0
22, LOC_CITY_NAME_AACHEN, 8.0, BUILDING_STONEHENGE, 66.9, 90, 0.0
22, LOC_CITY_NAME_PARIS, 20.8, PROJECT_ENHANCE_DISTRICT_HOLY_SITE, 20.8, 21, 0.0
22, LOC_CITY_NAME_ST_PETERSBURG, 17.6, PROJECT_ENHANCE_DISTRICT_HOLY_SITE, 17.6, 24, 0.0
22, LOC_CITY_NAME_HATTUSA, 2.0, BUILDING_GRANARY, 17.0, 32, 0.0
22, LOC_CITY_NAME_JERUSALEM, 10.5, UNIT_GALLEY, 10.5, 32, 0.0
22, LOC_CITY_NAME_CARTHAGE, 12.9, UNIT_GALLEY, 12.9, 32, 0.0
22, LOC_CITY_NAME_PRESLAV, 3.0, BUILDING_GRANARY, 14.7, 32, 0.0
22, LOC_CITY_NAME_LISBON, 6.0, UNIT_GALLEY, 13.5, 32, 0.0
22, LOC_CITY_NAME_KABUL, 2.3, BUILDING_GRANARY, 11.7, 32, 0.0
22, LOC_CITY_NAME_YEREVAN, 3.0, PROJECT_ENHANCE_DISTRICT_HOLY_SITE, 6.0, 21, 0.0
22, LOC_CITY_NAME_KANDY, 2.5, BUILDING_GRANARY, 32.5, 32, 0.5
22, LOC_CITY_NAME_SEOUL, 11.6, UNIT_GALLEY, 34.9, 32, 0.0
23, LOC_CITY_NAME_TENOCHTITLAN, 10.0, UNIT_AZTEC_EAGLE_WARRIOR, 10.0, 32, 0.0
23, LOC_CITY_NAME_POKROVKA, 10.8, UNIT_BUILDER, 29.0, 27, 2.0
23, LOC_CITY_NAME_WASHINGTON, 6.9, BUILDING_STONEHENGE, 53.9, 90, 0.0
23, LOC_CITY_NAME_AACHEN, 8.0, BUILDING_STONEHENGE, 75.0, 90, 0.0
23, LOC_CITY_NAME_PARIS, 12.5, PROJECT_ENHANCE_DISTRICT_HOLY_SITE, 33.3, 21, 12.3
23, LOC_CITY_NAME_ST_PETERSBURG, 9.6, PROJECT_ENHANCE_DISTRICT_HOLY_SITE, 27.2, 24, 3.2
23, LOC_CITY_NAME_HATTUSA, 2.0, BUILDING_GRANARY, 19.0, 32, 0.0
23, LOC_CITY_NAME_JERUSALEM, 10.5, UNIT_GALLEY, 21.0, 32, 0.0
23, LOC_CITY_NAME_CARTHAGE, 9.9, UNIT_GALLEY, 22.8, 32, 0.0
23, LOC_CITY_NAME_PRESLAV, 3.0, BUILDING_GRANARY, 17.7, 32, 0.0
23, LOC_CITY_NAME_LISBON, 6.0, UNIT_GALLEY, 19.5, 32, 0.0
23, LOC_CITY_NAME_KABUL, 2.3, BUILDING_GRANARY, 13.9, 32, 0.0
23, LOC_CITY_NAME_YEREVAN, 3.0, PROJECT_ENHANCE_DISTRICT_HOLY_SITE, 9.0, 21, 0.0
23, LOC_CITY_NAME_YEREVAN, 8.0, PROJECT_ENHANCE_DISTRICT_HOLY_SITE, 17.0, 24, 0.0
23, LOC_CITY_NAME_KANDY, 18.0, DISTRICT_HOLY_SITE, 18.0, 39, 0.0
23, LOC_CITY_NAME_SEOUL, 10.5, UNIT_GALLEY, 10.5, 32, 0.0
24, LOC_CITY_NAME_TENOCHTITLAN, 10.0, UNIT_AZTEC_EAGLE_WARRIOR, 20.0, 32, 0.0
24, LOC_CITY_NAME_POKROVKA, 12.8, UNIT_SCYTHIAN_HORSE_ARCHER, 12.8, 50, 0.0
24, LOC_CITY_NAME_KUL_OBA, 3.6, BUILDING_MONUMENT, 3.6, 30, 0.0
24, LOC_CITY_NAME_WASHINGTON, 8.0, BUILDING_STONEHENGE, 61.9, 90, 0.0
24, LOC_CITY_NAME_AACHEN, 8.0, BUILDING_STONEHENGE, 83.0, 90, 0.0
24, LOC_CITY_NAME_PARIS, 24.8, PROJECT_ENHANCE_DISTRICT_HOLY_SITE, 24.8, 21, 0.0
24, LOC_CITY_NAME_ST_PETERSBURG, 12.8, PROJECT_ENHANCE_DISTRICT_HOLY_SITE, 12.8, 24, 0.0
24, LOC_CITY_NAME_HATTUSA, 2.0, BUILDING_GRANARY, 21.0, 32, 0.0
24, LOC_CITY_NAME_JERUSALEM, 10.5, UNIT_GALLEY, 31.5, 32, 0.0
24, LOC_CITY_NAME_CARTHAGE, 9.9, UNIT_GALLEY, 32.7, 32, 0.0
24, LOC_CITY_NAME_PRESLAV, 3.0, BUILDING_GRANARY, 20.7, 32, 0.0
24, LOC_CITY_NAME_LISBON, 6.0, UNIT_GALLEY, 25.5, 32, 0.0
24, LOC_CITY_NAME_KABUL, 2.3, BUILDING_GRANARY, 16.2, 32, 0.0
24, LOC_CITY_NAME_YEREVAN, 3.5, PROJECT_ENHANCE_DISTRICT_HOLY_SITE, 20.5, 26, 0.0
24, LOC_CITY_NAME_KANDY, 15.0, DISTRICT_HOLY_SITE, 33.0, 39, 0.0
24, LOC_CITY_NAME_SEOUL, 10.5, UNIT_GALLEY, 21.0, 32, 0.0
25, LOC_CITY_NAME_TENOCHTITLAN, 10.0, UNIT_AZTEC_EAGLE_WARRIOR, 30.0, 32, 0.0
25, LOC_CITY_NAME_POKROVKA, 10.8, UNIT_SCYTHIAN_HORSE_ARCHER, 23.6, 50, 0.0
25, LOC_CITY_NAME_KUL_OBA, 3.6, BUILDING_MONUMENT, 7.2, 30, 0.0
25, LOC_CITY_NAME_WASHINGTON, 8.0, BUILDING_STONEHENGE, 70.0, 90, 0.0
25, LOC_CITY_NAME_AACHEN, 8.0, BUILDING_STONEHENGE, 91.1, 90, 1.1
25, LOC_CITY_NAME_PARIS, 12.5, PROJECT_ENHANCE_DISTRICT_HOLY_SITE, 12.5, 21, 0.0
25, LOC_CITY_NAME_ST_PETERSBURG, 12.0, UNIT_WARRIOR, 12.0, 20, 0.0
25, LOC_CITY_NAME_HATTUSA, 2.0, BUILDING_GRANARY, 23.0, 32, 0.0
25, LOC_CITY_NAME_JERUSALEM, 10.5, UNIT_GALLEY, 42.0, 32, 3.0
25, LOC_CITY_NAME_CARTHAGE, 3.3, BUILDING_GRANARY, 3.3, 32, 0.0
25, LOC_CITY_NAME_PRESLAV, 3.0, BUILDING_GRANARY, 23.7, 32, 0.0
25, LOC_CITY_NAME_LISBON, 6.0, UNIT_GALLEY, 31.5, 32, 0.0
25, LOC_CITY_NAME_KABUL, 2.3, BUILDING_GRANARY, 18.4, 32, 0.0
25, LOC_CITY_NAME_YEREVAN, 3.5, PROJECT_ENHANCE_DISTRICT_HOLY_SITE, 24.0, 30, 0.0
25, LOC_CITY_NAME_KANDY, 15.0, DISTRICT_HOLY_SITE, 48.0, 39, 0.0
25, LOC_CITY_NAME_SEOUL, 10.5, UNIT_GALLEY, 31.5, 32, 0.0
26, LOC_CITY_NAME_TENOCHTITLAN, 10.0, UNIT_AZTEC_EAGLE_WARRIOR, 40.0, 32, 8.0
26, LOC_CITY_NAME_POKROVKA, 10.8, UNIT_SCYTHIAN_HORSE_ARCHER, 34.4, 50, 0.0
26, LOC_CITY_NAME_KUL_OBA, 3.6, BUILDING_MONUMENT, 10.8, 30, 0.0
26, LOC_CITY_NAME_AACHEN, 12.6, UNIT_SETTLER, 12.6, 40, 0.0
26, LOC_CITY_NAME_PARIS, 12.5, PROJECT_ENHANCE_DISTRICT_HOLY_SITE, 25.0, 24, 1.0
26, LOC_CITY_NAME_ST_PETERSBURG, 12.0, UNIT_WARRIOR, 24.0, 20, 1.6
26, LOC_CITY_NAME_HATTUSA, 2.0, BUILDING_GRANARY, 25.0, 32, 0.0
26, LOC_CITY_NAME_JERUSALEM, 7.5, PROJECT_ENHANCE_DISTRICT_HOLY_SITE, 11.0, 24, 0.0
26, LOC_CITY_NAME_CARTHAGE, 3.3, BUILDING_GRANARY, 6.6, 32, 0.0
26, LOC_CITY_NAME_PRESLAV, 3.0, BUILDING_GRANARY, 26.7, 32, 0.0
26, LOC_CITY_NAME_LISBON, 6.0, UNIT_GALLEY, 37.5, 32, 1.5
26, LOC_CITY_NAME_KABUL, 2.3, BUILDING_GRANARY, 20.7, 32, 0.0
26, LOC_CITY_NAME_YEREVAN, 3.5, PROJECT_ENHANCE_DISTRICT_HOLY_SITE, 27.5, 30, 0.0
26, LOC_CITY_NAME_KANDY, 2.5, PROJECT_ENHANCE_DISTRICT_HOLY_SITE, 2.5, 24, 0.0
26, LOC_CITY_NAME_SEOUL, 10.5, UNIT_GALLEY, 42.0, 32, 3.0
27, LOC_CITY_NAME_TENOCHTITLAN, 19.0, UNIT_AZTEC_EAGLE_WARRIOR, 19.0, 32, 0.0
27, LOC_CITY_NAME_POKROVKA, 12.5, UNIT_SCYTHIAN_HORSE_ARCHER, 46.9, 50, 0.0
27, LOC_CITY_NAME_KUL_OBA, 3.8, BUILDING_MONUMENT, 14.5, 30, 0.0
27, LOC_CITY_NAME_WASHINGTON, 50.6, UNIT_SETTLER, 50.6, 40, 0.0
27, LOC_CITY_NAME_AACHEN, 11.5, UNIT_SETTLER, 24.1, 40, 0.0
27, LOC_CITY_NAME_PARIS, 13.5, BUILDING_SHRINE, 13.5, 35, 0.0
27, LOC_CITY_NAME_ST_PETERSBURG, 13.6, UNIT_ARCHER, 13.6, 30, 0.0
27, LOC_CITY_NAME_TVER, 3.6, UNIT_SCOUT, 3.6, 15, 0.0
27, LOC_CITY_NAME_HATTUSA, 2.0, BUILDING_GRANARY, 27.0, 32, 0.0
27, LOC_CITY_NAME_JERUSALEM, 4.5, PROJECT_ENHANCE_DISTRICT_HOLY_SITE, 15.5, 24, 0.0
27, LOC_CITY_NAME_CARTHAGE, 3.3, BUILDING_GRANARY, 9.9, 32, 0.0
27, LOC_CITY_NAME_PRESLAV, 2.7, BUILDING_GRANARY, 29.4, 32, 0.0
27, LOC_CITY_NAME_LISBON, 10.4, UNIT_GALLEY, 10.4, 32, 0.0
27, LOC_CITY_NAME_KABUL, 2.3, BUILDING_GRANARY, 22.9, 32, 0.0
27, LOC_CITY_NAME_YEREVAN, 3.5, PROJECT_ENHANCE_DISTRICT_HOLY_SITE, 31.0, 31, 0.0
27, LOC_CITY_NAME_KANDY, 2.5, PROJECT_ENHANCE_DISTRICT_HOLY_SITE, 5.0, 24, 0.0
28, LOC_CITY_NAME_TENOCHTITLAN, 11.0, UNIT_AZTEC_EAGLE_WARRIOR, 30.0, 32, 0.0
28, LOC_CITY_NAME_POKROVKA, 14.4, UNIT_SCYTHIAN_HORSE_ARCHER, 61.3, 50, 11.3
28, LOC_CITY_NAME_KUL_OBA, 3.8, BUILDING_MONUMENT, 18.3, 30, 0.0
28, LOC_CITY_NAME_WASHINGTON, 6.9, DISTRICT_CAMPUS, 6.9, 46, 0.0
28, LOC_CITY_NAME_AACHEN, 11.5, UNIT_SETTLER, 35.6, 40, 0.0
28, LOC_CITY_NAME_PARIS, 12.5, BUILDING_SHRINE, 26.0, 35, 0.0
28, LOC_CITY_NAME_ST_PETERSBURG, 12.0, UNIT_ARCHER, 25.6, 30, 0.0
28, LOC_CITY_NAME_TVER, 3.6, UNIT_SCOUT, 7.2, 15, 0.0
28, LOC_CITY_NAME_HATTUSA, 2.0, BUILDING_GRANARY, 29.0, 32, 0.0
28, LOC_CITY_NAME_JERUSALEM, 4.5, PROJECT_ENHANCE_DISTRICT_HOLY_SITE, 20.0, 24, 0.0
28, LOC_CITY_NAME_CARTHAGE, 3.3, BUILDING_GRANARY, 13.2, 32, 0.0
28, LOC_CITY_NAME_PRESLAV, 2.7, BUILDING_GRANARY, 32.1, 32, 0.1
28, LOC_CITY_NAME_LISBON, 6.0, UNIT_GALLEY, 16.4, 32, 0.0
28, LOC_CITY_NAME_KABUL, 2.3, BUILDING_GRANARY, 25.2, 32, 0.0
28, LOC_CITY_NAME_YEREVAN, 3.5, PROJECT_ENHANCE_DISTRICT_HOLY_SITE, 3.5, 35, 0.0
28, LOC_CITY_NAME_KANDY, 2.5, PROJECT_ENHANCE_DISTRICT_HOLY_SITE, 7.5, 24, 0.0
28, LOC_CITY_NAME_SEOUL, 10.0, BUILDING_GRANARY, 10.0, 32, 0.0
29, LOC_CITY_NAME_TENOCHTITLAN, 11.0, UNIT_AZTEC_EAGLE_WARRIOR, 41.0, 32, 9.0
29, LOC_CITY_NAME_POKROVKA, 26.9, UNIT_SETTLER, 26.9, 55, 0.0
29, LOC_CITY_NAME_KUL_OBA, 5.0, BUILDING_MONUMENT, 23.3, 30, 0.0
29, LOC_CITY_NAME_WASHINGTON, 8.0, DISTRICT_CAMPUS, 14.9, 46, 0.0
29, LOC_CITY_NAME_AACHEN, 12.6, UNIT_SETTLER, 48.2, 40, 5.9
29, LOC_CITY_NAME_PARIS, 12.5, BUILDING_SHRINE, 38.5, 35, 3.5
29, LOC_CITY_NAME_ST_PETERSBURG, 12.6, UNIT_ARCHER, 38.2, 30, 5.9
29, LOC_CITY_NAME_TVER, 3.6, UNIT_SCOUT, 10.8, 15, 0.0
29, LOC_CITY_NAME_HATTUSA, 2.0, BUILDING_GRANARY, 31.0, 32, 0.0
29, LOC_CITY_NAME_JERUSALEM, 4.5, PROJECT_ENHANCE_DISTRICT_HOLY_SITE, 24.5, 28, 0.0
29, LOC_CITY_NAME_CARTHAGE, 3.9, BUILDING_GRANARY, 17.1, 32, 0.0
29, LOC_CITY_NAME_CARTHAGE, 18.0, BUILDING_GRANARY, 35.1, 32, 3.1
29, LOC_CITY_NAME_PRESLAV, 8.4, UNIT_WARRIOR, 8.4, 20, 0.0
29, LOC_CITY_NAME_LISBON, 6.0, UNIT_GALLEY, 22.4, 32, 0.0
29, LOC_CITY_NAME_KABUL, 2.3, BUILDING_GRANARY, 27.4, 32, 0.0
29, LOC_CITY_NAME_YEREVAN, 3.5, PROJECT_ENHANCE_DISTRICT_HOLY_SITE, 7.0, 35, 0.0
29, LOC_CITY_NAME_KANDY, 2.5, PROJECT_ENHANCE_DISTRICT_HOLY_SITE, 10.0, 26, 0.0
29, LOC_CITY_NAME_SEOUL, 3.5, BUILDING_GRANARY, 13.5, 32, 0.0
30, LOC_CITY_NAME_TENOCHTITLAN, 20.0, UNIT_AZTEC_EAGLE_WARRIOR, 20.0, 32, 0.0
30, LOC_CITY_NAME_POKROVKA, 15.6, UNIT_SETTLER, 42.5, 55, 0.0
30, LOC_CITY_NAME_KUL_OBA, 5.0, BUILDING_MONUMENT, 28.3, 30, 0.0
30, LOC_CITY_NAME_WASHINGTON, 8.0, DISTRICT_CAMPUS, 23.0, 46, 0.0
30, LOC_CITY_NAME_AACHEN, 14.0, DISTRICT_CAMPUS, 14.0, 51, 0.0
30, LOC_CITY_NAME_PARIS, 16.0, UNIT_TRADER, 16.0, 24, 0.0
30, LOC_CITY_NAME_ST_PETERSBURG, 16.3, BUILDING_GRANARY, 16.3, 32, 0.0
30, LOC_CITY_NAME_TVER, 3.6, UNIT_SCOUT, 14.4, 15, 0.0
30, LOC_CITY_NAME_HATTUSA, 2.0, BUILDING_GRANARY, 33.0, 32, 1.0
30, LOC_CITY_NAME_JERUSALEM, 4.5, PROJECT_ENHANCE_DISTRICT_HOLY_SITE, 29.0, 30, 0.0
30, LOC_CITY_NAME_PRESLAV, 8.1, UNIT_WARRIOR, 16.5, 20, 0.0
30, LOC_CITY_NAME_LISBON, 6.0, UNIT_GALLEY, 28.4, 32, 0.0
30, LOC_CITY_NAME_KABUL, 2.3, BUILDING_GRANARY, 29.7, 32, 0.0
30, LOC_CITY_NAME_KABUL, 19.0, BUILDING_GRANARY, 48.7, 32, 16.7
30, LOC_CITY_NAME_YEREVAN, 3.2, PROJECT_ENHANCE_DISTRICT_HOLY_SITE, 10.2, 35, 0.0
30, LOC_CITY_NAME_KANDY, 2.5, PROJECT_ENHANCE_DISTRICT_HOLY_SITE, 12.5, 30, 0.0
30, LOC_CITY_NAME_SEOUL, 3.5, BUILDING_GRANARY, 17.0, 32, 0.0
31, LOC_CITY_NAME_TENOCHTITLAN, 11.0, UNIT_AZTEC_EAGLE_WARRIOR, 31.0, 32, 0.0
31, LOC_CITY_NAME_POKROVKA, 15.6, UNIT_SETTLER, 58.1, 55, 3.1
31, LOC_CITY_NAME_KUL_OBA, 5.0, BUILDING_MONUMENT, 33.3, 30, 3.3
31, LOC_CITY_NAME_WASHINGTON, 8.0, DISTRICT_CAMPUS, 31.0, 46, 0.0
31, LOC_CITY_NAME_AACHEN, 8.0, DISTRICT_CAMPUS, 22.0, 51, 0.0
31, LOC_CITY_NAME_PARIS, 12.5, UNIT_TRADER, 28.5, 25, 3.5
31, LOC_CITY_NAME_ST_PETERSBURG, 10.3, BUILDING_GRANARY, 26.6, 32, 0.0
31, LOC_CITY_NAME_TVER, 6.0, UNIT_SCOUT, 20.4, 15, 5.4
31, LOC_CITY_NAME_HATTUSA, 18.0, DISTRICT_CAMPUS, 18.0, 51, 0.0
31, LOC_CITY_NAME_JERUSALEM, 4.5, PROJECT_ENHANCE_DISTRICT_HOLY_SITE, 33.5, 30, 3.5
31, LOC_CITY_NAME_CARTHAGE, 67.9, DISTRICT_HARBOR, 67.9, 51, 0.0
31, LOC_CITY_NAME_PRESLAV, 8.1, UNIT_WARRIOR, 24.6, 20, 0.0
31, LOC_CITY_NAME_LISBON, 6.0, UNIT_GALLEY, 34.4, 32, 0.0
31, LOC_CITY_NAME_YEREVAN, 3.2, PROJECT_ENHANCE_DISTRICT_HOLY_SITE, 13.3, 35, 0.0
31, LOC_CITY_NAME_KANDY, 2.5, PROJECT_ENHANCE_DISTRICT_HOLY_SITE, 15.0, 31, 0.0
31, LOC_CITY_NAME_SEOUL, 3.5, BUILDING_GRANARY, 20.5, 32, 0.0
32, LOC_CITY_NAME_TENOCHTITLAN, 11.0, UNIT_AZTEC_EAGLE_WARRIOR, 42.0, 32, 10.0
32, LOC_CITY_NAME_POKROVKA, 16.8, DISTRICT_HOLY_SITE, 16.8, 51, 0.0
32, LOC_CITY_NAME_KUL_OBA, 10.5, UNIT_BUILDER, 10.5, 31, 0.0
32, LOC_CITY_NAME_WASHINGTON, 8.0, UNIT_ARCHER, 8.0, 30, 0.0
32, LOC_CITY_NAME_AACHEN, 8.0, DISTRICT_CAMPUS, 30.1, 51, 0.0
32, LOC_CITY_NAME_PARIS, 20.0, UNIT_SLINGER, 20.0, 17, 0.0
32, LOC_CITY_NAME_ST_PETERSBURG, 10.3, BUILDING_GRANARY, 37.0, 32, 5.0
32, LOC_CITY_NAME_TVER, 11.4, DISTRICT_LAVRA, 11.4, 24, 0.0
32, LOC_CITY_NAME_HATTUSA, 12.0, DISTRICT_CAMPUS, 30.0, 51, 0.0
32, LOC_CITY_NAME_JERUSALEM, 8.0, PROJECT_ENHANCE_DISTRICT_HOLY_SITE, 8.0, 30, 0.0
32, LOC_CITY_NAME_CARTHAGE, 3.9, PROJECT_ENHANCE_DISTRICT_HARBOR, 3.9, 31, 0.0
32, LOC_CITY_NAME_PRESLAV, 8.1, UNIT_ARCHER, 8.1, 30, 0.0
32, LOC_CITY_NAME_LISBON, 12.0, DISTRICT_HARBOR, 12.0, 53, 0.0
32, LOC_CITY_NAME_KABUL, 121.7, DISTRICT_HARBOR, 121.7, 53, 0.0
32, LOC_CITY_NAME_YEREVAN, 3.2, PROJECT_ENHANCE_DISTRICT_HOLY_SITE, 16.5, 35, 0.0
32, LOC_CITY_NAME_KANDY, 2.5, PROJECT_ENHANCE_DISTRICT_HOLY_SITE, 17.5, 31, 0.0
32, LOC_CITY_NAME_SEOUL, 3.5, BUILDING_GRANARY, 24.0, 32, 0.0
33, LOC_CITY_NAME_TENOCHTITLAN, 21.0, UNIT_AZTEC_EAGLE_WARRIOR, 21.0, 32, 0.0
33, LOC_CITY_NAME_POKROVKA, 11.3, DISTRICT_HOLY_SITE, 28.1, 51, 0.0
33, LOC_CITY_NAME_KUL_OBA, 6.0, UNIT_BUILDER, 16.5, 31, 0.0
33, LOC_CITY_NAME_WASHINGTON, 8.0, UNIT_ARCHER, 16.1, 30, 0.0
33, LOC_CITY_NAME_AACHEN, 8.0, DISTRICT_CAMPUS, 38.1, 51, 0.0
33, LOC_CITY_NAME_PARIS, 12.5, UNIT_BUILDER, 12.5, 29, 0.0
33, LOC_CITY_NAME_ST_PETERSBURG, 15.3, BUILDING_SHRINE, 15.3, 35, 0.0
33, LOC_CITY_NAME_TVER, 6.0, DISTRICT_LAVRA, 17.4, 24, 0.0
33, LOC_CITY_NAME_HATTUSA, 12.0, DISTRICT_CAMPUS, 42.0, 51, 0.0
33, LOC_CITY_NAME_JERUSALEM, 4.5, PROJECT_ENHANCE_DISTRICT_HOLY_SITE, 12.5, 30, 0.0
33, LOC_CITY_NAME_CARTHAGE, 3.9, PROJECT_ENHANCE_DISTRICT_HARBOR, 7.7, 31, 0.0
33, LOC_CITY_NAME_PRESLAV, 8.1, UNIT_ARCHER, 16.2, 30, 0.0
33, LOC_CITY_NAME_LISBON, 12.0, DISTRICT_HARBOR, 24.0, 53, 0.0
33, LOC_CITY_NAME_KABUL, 1.8, PROJECT_ENHANCE_DISTRICT_HARBOR, 1.8, 31, 0.0
33, LOC_CITY_NAME_YEREVAN, 3.2, PROJECT_ENHANCE_DISTRICT_HOLY_SITE, 19.6, 35, 0.0
33, LOC_CITY_NAME_KANDY, 2.5, PROJECT_ENHANCE_DISTRICT_HOLY_SITE, 20.0, 31, 0.0
33, LOC_CITY_NAME_SEOUL, 3.5, BUILDING_GRANARY, 27.5, 32, 0.0
34, LOC_CITY_NAME_TENOCHTITLAN, 11.0, UNIT_AZTEC_EAGLE_WARRIOR, 32.0, 32, 0.0
34, LOC_CITY_NAME_POKROVKA, 11.3, DISTRICT_HOLY_SITE, 39.3, 51, 0.0
34, LOC_CITY_NAME_KUL_OBA, 6.0, UNIT_BUILDER, 22.5, 31, 0.0
34, LOC_CITY_NAME_WASHINGTON, 6.9, UNIT_ARCHER, 23.0, 30, 0.0
34, LOC_CITY_NAME_AACHEN, 8.0, DISTRICT_CAMPUS, 46.1, 51, 0.0
34, LOC_CITY_NAME_PARIS, 15.6, UNIT_WARRIOR, 15.6, 20, 0.0
34, LOC_CITY_NAME_ST_PETERSBURG, 10.3, BUILDING_SHRINE, 25.7, 35, 0.0
34, LOC_CITY_NAME_TVER, 6.0, DISTRICT_LAVRA, 23.4, 24, 0.0
34, LOC_CITY_NAME_HATTUSA, 12.0, DISTRICT_CAMPUS, 54.0, 51, 0.0
34, LOC_CITY_NAME_JERUSALEM, 4.5, PROJECT_ENHANCE_DISTRICT_HOLY_SITE, 17.0, 30, 0.0
34, LOC_CITY_NAME_CARTHAGE, 3.9, PROJECT_ENHANCE_DISTRICT_HARBOR, 11.6, 35, 0.0
34, LOC_CITY_NAME_PRESLAV, 8.1, UNIT_ARCHER, 24.3, 30, 0.0
34, LOC_CITY_NAME_LISBON, 15.0, DISTRICT_HARBOR, 39.0, 53, 0.0
34, LOC_CITY_NAME_KABUL, 1.8, PROJECT_ENHANCE_DISTRICT_HARBOR, 3.6, 35, 0.0
34, LOC_CITY_NAME_YEREVAN, 3.2, PROJECT_ENHANCE_DISTRICT_HOLY_SITE, 22.8, 37, 0.0
34, LOC_CITY_NAME_KANDY, 2.5, PROJECT_ENHANCE_DISTRICT_HOLY_SITE, 22.5, 31, 0.0
34, LOC_CITY_NAME_SEOUL, 3.5, BUILDING_GRANARY, 31.0, 32, 0.0
35, LOC_CITY_NAME_TENOCHTITLAN, 11.0, UNIT_AZTEC_EAGLE_WARRIOR, 11.0, 32, 0.0
35, LOC_CITY_NAME_POKROVKA, 11.3, DISTRICT_HOLY_SITE, 50.6, 51, 0.0
35, LOC_CITY_NAME_KUL_OBA, 6.0, DISTRICT_HOLY_SITE, 6.0, 53, 0.0
35, LOC_CITY_NAME_WASHINGTON, 6.9, UNIT_ARCHER, 29.9, 30, 0.0
35, LOC_CITY_NAME_AACHEN, 8.0, DISTRICT_CAMPUS, 54.2, 51, 3.2
35, LOC_CITY_NAME_PARIS, 15.0, UNIT_WARRIOR, 30.6, 20, 7.6
35, LOC_CITY_NAME_ST_PETERSBURG, 10.3, BUILDING_SHRINE, 36.0, 35, 1.0
35, LOC_CITY_NAME_TVER, 6.0, DISTRICT_LAVRA, 29.4, 24, 5.4
35, LOC_CITY_NAME_HATTUSA, 2.0, PROJECT_ENHANCE_DISTRICT_CAMPUS, 2.0, 30, 0.0
35, LOC_CITY_NAME_JERUSALEM, 4.5, PROJECT_ENHANCE_DISTRICT_HOLY_SITE, 21.5, 30, 0.0
35, LOC_CITY_NAME_CARTHAGE, 3.9, PROJECT_ENHANCE_DISTRICT_HARBOR, 15.4, 35, 0.0
35, LOC_CITY_NAME_PRESLAV, 9.5, UNIT_ARCHER, 33.8, 30, 0.0
35, LOC_CITY_NAME_LISBON, 15.0, DISTRICT_HARBOR, 54.0, 53, 0.0
35, LOC_CITY_NAME_KABUL, 1.8, PROJECT_ENHANCE_DISTRICT_HARBOR, 5.4, 35, 0.0
35, LOC_CITY_NAME_YEREVAN, 3.2, PROJECT_ENHANCE_DISTRICT_HOLY_SITE, 25.9, 37, 0.0
35, LOC_CITY_NAME_KANDY, 2.5, PROJECT_ENHANCE_DISTRICT_HOLY_SITE, 25.0, 31, 0.0
35, LOC_CITY_NAME_SEOUL, 3.5, BUILDING_GRANARY, 34.5, 32, 2.5
36, LOC_CITY_NAME_TENOCHTITLAN, 11.0, UNIT_AZTEC_EAGLE_WARRIOR, 22.0, 32, 0.0
36, LOC_CITY_NAME_POKROVKA, 13.8, DISTRICT_HOLY_SITE, 64.3, 51, 13.3
36, LOC_CITY_NAME_KUL_OBA, 6.3, DISTRICT_HOLY_SITE, 12.3, 53, 0.0
36, LOC_CITY_NAME_GELONUS, 3.8, BUILDING_GRANARY, 3.8, 32, 0.0
36, LOC_CITY_NAME_WASHINGTON, 6.9, UNIT_ARCHER, 36.8, 30, 6.8
36, LOC_CITY_NAME_AACHEN, 10.1, BUILDING_HANGING_GARDENS, 10.1, 90, 0.0
36, LOC_CITY_NAME_COLOGNE, 3.8, UNIT_HEAVY_CHARIOT, 3.8, 32, 0.0
36, LOC_CITY_NAME_PARIS, 26.0, UNIT_WARRIOR, 26.0, 20, 0.0
36, LOC_CITY_NAME_ST_PETERSBURG, 14.8, UNIT_BUILDER, 14.8, 27, 0.0
36, LOC_CITY_NAME_TVER, 11.4, UNIT_BUILDER, 11.4, 27, 0.0
36, LOC_CITY_NAME_HATTUSA, 1.8, PROJECT_ENHANCE_DISTRICT_CAMPUS, 3.8, 30, 0.0
36, LOC_CITY_NAME_JERUSALEM, 4.5, , 0.0, 30, 0.0
36, LOC_CITY_NAME_CARTHAGE, 3.9, PROJECT_ENHANCE_DISTRICT_HARBOR, 19.3, 35, 0.0
36, LOC_CITY_NAME_PRESLAV, 9.5, UNIT_HEAVY_CHARIOT, 9.5, 32, 0.0
36, LOC_CITY_NAME_LISBON, 2.5, PROJECT_ENHANCE_DISTRICT_HARBOR, 2.5, 35, 0.0
36, LOC_CITY_NAME_KABUL, 2.3, PROJECT_ENHANCE_DISTRICT_HARBOR, 7.7, 35, 0.0
36, LOC_CITY_NAME_YEREVAN, 3.2, PROJECT_ENHANCE_DISTRICT_HOLY_SITE, 29.1, 37, 0.0
36, LOC_CITY_NAME_KANDY, 2.5, PROJECT_ENHANCE_DISTRICT_HOLY_SITE, 27.5, 35, 0.0
36, LOC_CITY_NAME_SEOUL, 36.0, DISTRICT_HARBOR, 36.0, 51, 0.0
37, LOC_CITY_NAME_TENOCHTITLAN, 11.0, UNIT_AZTEC_EAGLE_WARRIOR, 33.0, 32, 1.0
37, LOC_CITY_NAME_POKROVKA, 27.1, BUILDING_SHRINE, 27.1, 35, 0.0
37, LOC_CITY_NAME_KUL_OBA, 8.8, DISTRICT_HOLY_SITE, 21.0, 53, 0.0
37, LOC_CITY_NAME_GELONUS, 3.8, BUILDING_GRANARY, 7.5, 32, 0.0
37, LOC_CITY_NAME_WASHINGTON, 14.8, UNIT_ARCHER, 14.8, 30, 0.0
37, LOC_CITY_NAME_AACHEN, 6.9, BUILDING_HANGING_GARDENS, 17.0, 90, 0.0
37, LOC_CITY_NAME_COLOGNE, 3.8, UNIT_HEAVY_CHARIOT, 7.5, 32, 0.0
37, LOC_CITY_NAME_PARIS, 16.5, UNIT_WARRIOR, 16.5, 20, 0.0
37, LOC_CITY_NAME_ST_PETERSBURG, 13.8, UNIT_BUILDER, 28.6, 27, 0.0
37, LOC_CITY_NAME_TVER, 6.9, UNIT_BUILDER, 18.3, 29, 0.0
37, LOC_CITY_NAME_HATTUSA, 1.8, PROJECT_ENHANCE_DISTRICT_CAMPUS, 5.6, 31, 0.0
37, LOC_CITY_NAME_CARTHAGE, 5.0, PROJECT_ENHANCE_DISTRICT_HARBOR, 24.2, 37, 0.0
37, LOC_CITY_NAME_PRESLAV, 9.5, UNIT_HEAVY_CHARIOT, 18.9, 32, 0.0
37, LOC_CITY_NAME_LISBON, 2.5, PROJECT_ENHANCE_DISTRICT_HARBOR, 5.0, 35, 0.0
37, LOC_CITY_NAME_KABUL, 2.3, PROJECT_ENHANCE_DISTRICT_HARBOR, 9.9, 35, 0.0
37, LOC_CITY_NAME_YEREVAN, 3.2, PROJECT_ENHANCE_DISTRICT_HOLY_SITE, 32.2, 37, 0.0
37, LOC_CITY_NAME_KANDY, 2.5, PROJECT_ENHANCE_DISTRICT_HOLY_SITE, 30.0, 37, 0.0
37, LOC_CITY_NAME_SEOUL, 21.0, DISTRICT_HARBOR, 57.0, 51, 0.0
38, LOC_CITY_NAME_TENOCHTITLAN, 12.0, DISTRICT_CAMPUS, 12.0, 53, 0.0
