Game Turn, Player, Score, CATEGORY_CIVICS, CATEGORY_EMPIRE, CATEGORY_GREAT_PEOPLE, CATEGORY_RELIGION, CATEGORY_TECH, CATEGORY_WONDER, CATEGORY_TRADE, CATEGORY_PILLAGE, CATEGORY_INCOME, CATEGORY_SCENARIO1, CATEGORY_SCENARIO2, CATEGORY_SCENARIO3
1, 0, 6, 0, 6, 0, 0, 0, 0, 0, 0, 0, 0, 0, 0
1, 1, 0, 0, 0, 0, 0, 0, 0, 0, 0, 0, 0, 0, 0
1, 2, 0, 0, 0, 0, 0, 0, 0, 0, 0, 0, 0, 0, 0
1, 3, 0, 0, 0, 0, 0, 0, 0, 0, 0, 0, 0, 0, 0
1, 4, 0, 0, 0, 0, 0, 0, 0, 0, 0, 0, 0, 0, 0
1, 5, 0, 0, 0, 0, 0, 0, 0, 0, 0, 0, 0, 0, 0
1, 6, 0, 0, 0, 0, 0, 0, 0, 0, 0, 0, 0, 0, 0
1, 7, 0, 0, 0, 0, 0, 0, 0, 0, 0, 0, 0, 0, 0
1, 8, 0, 0, 0, 0, 0, 0, 0, 0, 0, 0, 0, 0, 0
1, 9, 0, 0, 0, 0, 0, 0, 0, 0, 0, 0, 0, 0, 0
1, 10, 0, 0, 0, 0, 0, 0, 0, 0, 0, 0, 0, 0, 0
1, 11, 0, 0, 0, 0, 0, 0, 0, 0, 0, 0, 0, 0, 0
1, 12, 0, 0, 0, 0, 0, 0, 0, 0, 0, 0, 0, 0, 0
1, 13, 0, 0, 0, 0, 0, 0, 0, 0, 0, 0, 0, 0, 0
1, 14, 0, 0, 0, 0, 0, 0, 0, 0, 0, 0, 0, 0, 0
1, 15, 0, 0, 0, 0, 0, 0, 0, 0, 0, 0, 0, 0, 0
1, 16, 0, 0, 0, 0, 0, 0, 0, 0, 0, 0, 0, 0, 0
1, 17, 0, 0, 0, 0, 0, 0, 0, 0, 0, 0, 0, 0, 0
1, 18, 0, 0, 0, 0, 0, 0, 0, 0, 0, 0, 0, 0, 0
1, 19, 0, 0, 0, 0, 0, 0, 0, 0, 0, 0, 0, 0, 0
1, 20, 0, 0, 0, 0, 0, 0, 0, 0, 0, 0, 0, 0, 0
1, 21, 0, 0, 0, 0, 0, 0, 0, 0, 0, 0, 0, 0, 0
1, 22, 0, 0, 0, 0, 0, 0, 0, 0, 0, 0, 0, 0, 0
1, 23, 0, 0, 0, 0, 0, 0, 0, 0, 0, 0, 0, 0, 0
1, 24, 0, 0, 0, 0, 0, 0, 0, 0, 0, 0, 0, 0, 0
1, 25, 0, 0, 0, 0, 0, 0, 0, 0, 0, 0, 0, 0, 0
1, 26, 0, 0, 0, 0, 0, 0, 0, 0, 0, 0, 0, 0, 0
1, 27, 0, 0, 0, 0, 0, 0, 0, 0, 0, 0, 0, 0, 0
1, 28, 0, 0, 0, 0, 0, 0, 0, 0, 0, 0, 0, 0, 0
1, 29, 0, 0, 0, 0, 0, 0, 0, 0, 0, 0, 0, 0, 0
1, 63, 0, 0, 0, 0, 0, 0, 0, 0, 0, 0, 0, 0, 0
2, 0, 6, 0, 6, 0, 0, 0, 0, 0, 0, 0, 0, 0, 0
2, 1, 6, 0, 6, 0, 0, 0, 0, 0, 0, 0, 0, 0, 0
2, 2, 6, 0, 6, 0, 0, 0, 0, 0, 0, 0, 0, 0, 0
2, 3, 6, 0, 6, 0, 0, 0, 0, 0, 0, 0, 0, 0, 0
2, 4, 6, 0, 6, 0, 0, 0, 0, 0, 0, 0, 0, 0, 0
2, 5, 6, 0, 6, 0, 0, 0, 0, 0, 0, 0, 0, 0, 0
2, 6, 6, 0, 6, 0, 0, 0, 0, 0, 0, 0, 0, 0, 0
2, 7, 6, 0, 6, 0, 0, 0, 0, 0, 0, 0, 0, 0, 0
2, 8, 6, 0, 6, 0, 0, 0, 0, 0, 0, 0, 0, 0, 0
2, 9, 0, 0, 0, 0, 0, 0, 0, 0, 0, 0, 0, 0, 0
2, 10, 6, 0, 6, 0, 0, 0, 0, 0, 0, 0, 0, 0, 0
2, 11, 0, 0, 0, 0, 0, 0, 0, 0, 0, 0, 0, 0, 0
2, 12, 6, 0, 6, 0, 0, 0, 0, 0, 0, 0, 0, 0, 0
2, 13, 6, 0, 6, 0, 0, 0, 0, 0, 0, 0, 0, 0, 0
2, 14, 6, 0, 6, 0, 0, 0, 0, 0, 0, 0, 0, 0, 0
2, 15, 6, 0, 6, 0, 0, 0, 0, 0, 0, 0, 0, 0, 0
2, 16, 6, 0, 6, 0, 0, 0, 0, 0, 0, 0, 0, 0, 0
2, 17, 6, 0, 6, 0, 0, 0, 0, 0, 0, 0, 0, 0, 0
2, 18, 6, 0, 6, 0, 0, 0, 0, 0, 0, 0, 0, 0, 0
2, 19, 6, 0, 6, 0, 0, 0, 0, 0, 0, 0, 0, 0, 0
2, 20, 6, 0, 6, 0, 0, 0, 0, 0, 0, 0, 0, 0, 0
2, 21, 6, 0, 6, 0, 0, 0, 0, 0, 0, 0, 0, 0, 0
2, 22, 6, 0, 6, 0, 0, 0, 0, 0, 0, 0, 0, 0, 0
2, 23, 6, 0, 6, 0, 0, 0, 0, 0, 0, 0, 0, 0, 0
2, 24, 6, 0, 6, 0, 0, 0, 0, 0, 0, 0, 0, 0, 0
2, 25, 6, 0, 6, 0, 0, 0, 0, 0, 0, 0, 0, 0, 0
2, 26, 6, 0, 6, 0, 0, 0, 0, 0, 0, 0, 0, 0, 0
2, 27, 6, 0, 6, 0, 0, 0, 0, 0, 0, 0, 0, 0, 0
2, 28, 6, 0, 6, 0, 0, 0, 0, 0, 0, 0, 0, 0, 0
2, 29, 6, 0, 6, 0, 0, 0, 0, 0, 0, 0, 0, 0, 0
2, 63, 6, 0, 0, 0, 0, 6, 0, 0, 0, 0, 0, 0, 0
3, 0, 6, 0, 6, 0, 0, 0, 0, 0, 0, 0, 0, 0, 0
3, 1, 6, 0, 6, 0, 0, 0, 0, 0, 0, 0, 0, 0, 0
3, 2, 6, 0, 6, 0, 0, 0, 0, 0, 0, 0, 0, 0, 0
3, 3, 6, 0, 6, 0, 0, 0, 0, 0, 0, 0, 0, 0, 0
3, 4, 6, 0, 6, 0, 0, 0, 0, 0, 0, 0, 0, 0, 0
3, 5, 6, 0, 6, 0, 0, 0, 0, 0, 0, 0, 0, 0, 0
3, 6, 6, 0, 6, 0, 0, 0, 0, 0, 0, 0, 0, 0, 0
3, 7, 6, 0, 6, 0, 0, 0, 0, 0, 0, 0, 0, 0, 0
3, 8, 6, 0, 6, 0, 0, 0, 0, 0, 0, 0, 0, 0, 0
3, 9, 0, 0, 0, 0, 0, 0, 0, 0, 0, 0, 0, 0, 0
3, 10, 6, 0, 6, 0, 0, 0, 0, 0, 0, 0, 0, 0, 0
3, 11, 0, 0, 0, 0, 0, 0, 0, 0, 0, 0, 0, 0, 0
3, 12, 6, 0, 6, 0, 0, 0, 0, 0, 0, 0, 0, 0, 0
3, 13, 6, 0, 6, 0, 0, 0, 0, 0, 0, 0, 0, 0, 0
3, 14, 6, 0, 6, 0, 0, 0, 0, 0, 0, 0, 0, 0, 0
3, 15, 6, 0, 6, 0, 0, 0, 0, 0, 0, 0, 0, 0, 0
3, 16, 6, 0, 6, 0, 0, 0, 0, 0, 0, 0, 0, 0, 0
3, 17, 6, 0, 6, 0, 0, 0, 0, 0, 0, 0, 0, 0, 0
3, 18, 6, 0, 6, 0, 0, 0, 0, 0, 0, 0, 0, 0, 0
3, 19, 6, 0, 6, 0, 0, 0, 0, 0, 0, 0, 0, 0, 0
3, 20, 6, 0, 6, 0, 0, 0, 0, 0, 0, 0, 0, 0, 0
3, 21, 6, 0, 6, 0, 0, 0, 0, 0, 0, 0, 0, 0, 0
3, 22, 6, 0, 6, 0, 0, 0, 0, 0, 0, 0, 0, 0, 0
3, 23, 6, 0, 6, 0, 0, 0, 0, 0, 0, 0, 0, 0, 0
3, 24, 6, 0, 6, 0, 0, 0, 0, 0, 0, 0, 0, 0, 0
3, 25, 6, 0, 6, 0, 0, 0, 0, 0, 0, 0, 0, 0, 0
3, 26, 6, 0, 6, 0, 0, 0, 0, 0, 0, 0, 0, 0, 0
3, 27, 6, 0, 6, 0, 0, 0, 0, 0, 0, 0, 0, 0, 0
3, 28, 6, 0, 6, 0, 0, 0, 0, 0, 0, 0, 0, 0, 0
3, 29, 6, 0, 6, 0, 0, 0, 0, 0, 0, 0, 0, 0, 0
3, 63, 6, 0, 0, 0, 0, 6, 0, 0, 0, 0, 0, 0, 0
4, 0, 6, 0, 6, 0, 0, 0, 0, 0, 0, 0, 0, 0, 0
4, 1, 6, 0, 6, 0, 0, 0, 0, 0, 0, 0, 0, 0, 0
4, 2, 6, 0, 6, 0, 0, 0, 0, 0, 0, 0, 0, 0, 0
4, 3, 6, 0, 6, 0, 0, 0, 0, 0, 0, 0, 0, 0, 0
4, 4, 6, 0, 6, 0, 0, 0, 0, 0, 0, 0, 0, 0, 0
4, 5, 6, 0, 6, 0, 0, 0, 0, 0, 0, 0, 0, 0, 0
4, 6, 6, 0, 6, 0, 0, 0, 0, 0, 0, 0, 0, 0, 0
4, 7, 6, 0, 6, 0, 0, 0, 0, 0, 0, 0, 0, 0, 0
4, 8, 6, 0, 6, 0, 0, 0, 0, 0, 0, 0, 0, 0, 0
4, 9, 6, 0, 6, 0, 0, 0, 0, 0, 0, 0, 0, 0, 0
4, 10, 6, 0, 6, 0, 0, 0, 0, 0, 0, 0, 0, 0, 0
4, 11, 6, 0, 6, 0, 0, 0, 0, 0, 0, 0, 0, 0, 0
4, 12, 6, 0, 6, 0, 0, 0, 0, 0, 0, 0, 0, 0, 0
4, 13, 6, 0, 6, 0, 0, 0, 0, 0, 0, 0, 0, 0, 0
4, 14, 7, 0, 7, 0, 0, 0, 0, 0, 0, 0, 0, 0, 0
4, 15, 6, 0, 6, 0, 0, 0, 0, 0, 0, 0, 0, 0, 0
4, 16, 6, 0, 6, 0, 0, 0, 0, 0, 0, 0, 0, 0, 0
4, 17, 6, 0, 6, 0, 0, 0, 0, 0, 0, 0, 0, 0, 0
4, 18, 6, 0, 6, 0, 0, 0, 0, 0, 0, 0, 0, 0, 0
4, 19, 6, 0, 6, 0, 0, 0, 0, 0, 0, 0, 0, 0, 0
4, 20, 7, 0, 7, 0, 0, 0, 0, 0, 0, 0, 0, 0, 0
4, 21, 6, 0, 6, 0, 0, 0, 0, 0, 0, 0, 0, 0, 0
4, 22, 6, 0, 6, 0, 0, 0, 0, 0, 0, 0, 0, 0, 0
4, 23, 6, 0, 6, 0, 0, 0, 0, 0, 0, 0, 0, 0, 0
4, 24, 6, 0, 6, 0, 0, 0, 0, 0, 0, 0, 0, 0, 0
4, 25, 6, 0, 6, 0, 0, 0, 0, 0, 0, 0, 0, 0, 0
4, 26, 7, 0, 7, 0, 0, 0, 0, 0, 0, 0, 0, 0, 0
4, 27, 6, 0, 6, 0, 0, 0, 0, 0, 0, 0, 0, 0, 0
4, 28, 6, 0, 6, 0, 0, 0, 0, 0, 0, 0, 0, 0, 0
4, 29, 6, 0, 6, 0, 0, 0, 0, 0, 0, 0, 0, 0, 0
4, 63, 6, 0, 0, 0, 0, 6, 0, 0, 0, 0, 0, 0, 0
5, 0, 6, 0, 6, 0, 0, 0, 0, 0, 0, 0, 0, 0, 0
5, 1, 6, 0, 6, 0, 0, 0, 0, 0, 0, 0, 0, 0, 0
5, 2, 6, 0, 6, 0, 0, 0, 0, 0, 0, 0, 0, 0, 0
5, 3, 7, 0, 7, 0, 0, 0, 0, 0, 0, 0, 0, 0, 0
5, 4, 6, 0, 6, 0, 0, 0, 0, 0, 0, 0, 0, 0, 0
5, 5, 6, 0, 6, 0, 0, 0, 0, 0, 0, 0, 0, 0, 0
5, 6, 6, 0, 6, 0, 0, 0, 0, 0, 0, 0, 0, 0, 0
5, 7, 6, 0, 6, 0, 0, 0, 0, 0, 0, 0, 0, 0, 0
5, 8, 6, 0, 6, 0, 0, 0, 0, 0, 0, 0, 0, 0, 0
5, 9, 6, 0, 6, 0, 0, 0, 0, 0, 0, 0, 0, 0, 0
5, 10, 7, 0, 7, 0, 0, 0, 0, 0, 0, 0, 0, 0, 0
5, 11, 6, 0, 6, 0, 0, 0, 0, 0, 0, 0, 0, 0, 0
5, 12, 6, 0, 6, 0, 0, 0, 0, 0, 0, 0, 0, 0, 0
5, 13, 6, 0, 6, 0, 0, 0, 0, 0, 0, 0, 0, 0, 0
5, 14, 7, 0, 7, 0, 0, 0, 0, 0, 0, 0, 0, 0, 0
5, 15, 7, 0, 7, 0, 0, 0, 0, 0, 0, 0, 0, 0, 0
5, 16, 6, 0, 6, 0, 0, 0, 0, 0, 0, 0, 0, 0, 0
5, 17, 6, 0, 6, 0, 0, 0, 0, 0, 0, 0, 0, 0, 0
5, 18, 6, 0, 6, 0, 0, 0, 0, 0, 0, 0, 0, 0, 0
5, 19, 6, 0, 6, 0, 0, 0, 0, 0, 0, 0, 0, 0, 0
5, 20, 7, 0, 7, 0, 0, 0, 0, 0, 0, 0, 0, 0, 0
5, 21, 6, 0, 6, 0, 0, 0, 0, 0, 0, 0, 0, 0, 0
5, 22, 6, 0, 6, 0, 0, 0, 0, 0, 0, 0, 0, 0, 0
5, 23, 6, 0, 6, 0, 0, 0, 0, 0, 0, 0, 0, 0, 0
5, 24, 6, 0, 6, 0, 0, 0, 0, 0, 0, 0, 0, 0, 0
5, 25, 6, 0, 6, 0, 0, 0, 0, 0, 0, 0, 0, 0, 0
5, 26, 7, 0, 7, 0, 0, 0, 0, 0, 0, 0, 0, 0, 0
5, 27, 6, 0, 6, 0, 0, 0, 0, 0, 0, 0, 0, 0, 0
5, 28, 6, 0, 6, 0, 0, 0, 0, 0, 0, 0, 0, 0, 0
5, 29, 6, 0, 6, 0, 0, 0, 0, 0, 0, 0, 0, 0, 0
5, 63, 6, 0, 0, 0, 0, 6, 0, 0, 0, 0, 0, 0, 0
6, 0, 6, 0, 6, 0, 0, 0, 0, 0, 0, 0, 0, 0, 0
6, 1, 8, 0, 6, 0, 0, 2, 0, 0, 0, 0, 0, 0, 0
6, 2, 9, 0, 7, 0, 0, 2, 0, 0, 0, 0, 0, 0, 0
6, 3, 9, 0, 7, 0, 0, 2, 0, 0, 0, 0, 0, 0, 0
6, 4, 7, 0, 7, 0, 0, 0, 0, 0, 0, 0, 0, 0, 0
6, 5, 9, 0, 7, 0, 0, 2, 0, 0, 0, 0, 0, 0, 0
6, 6, 9, 0, 7, 0, 0, 2, 0, 0, 0, 0, 0, 0, 0
6, 7, 8, 0, 6, 0, 0, 2, 0, 0, 0, 0, 0, 0, 0
6, 8, 10, 0, 8, 0, 0, 2, 0, 0, 0, 0, 0, 0, 0
6, 9, 6, 0, 6, 0, 0, 0, 0, 0, 0, 0, 0, 0, 0
6, 10, 9, 0, 7, 0, 0, 2, 0, 0, 0, 0, 0, 0, 0
6, 11, 6, 0, 6, 0, 0, 0, 0, 0, 0, 0, 0, 0, 0
6, 12, 9, 0, 7, 0, 0, 2, 0, 0, 0, 0, 0, 0, 0
6, 13, 8, 0, 6, 0, 0, 2, 0, 0, 0, 0, 0, 0, 0
6, 14, 10, 0, 8, 0, 0, 2, 0, 0, 0, 0, 0, 0, 0
6, 15, 9, 0, 7, 0, 0, 2, 0, 0, 0, 0, 0, 0, 0
6, 16, 8, 0, 6, 0, 0, 2, 0, 0, 0, 0, 0, 0, 0
6, 17, 8, 0, 6, 0, 0, 2, 0, 0, 0, 0, 0, 0, 0
6, 18, 8, 0, 6, 0, 0, 2, 0, 0, 0, 0, 0, 0, 0
6, 19, 8, 0, 6, 0, 0, 2, 0, 0, 0, 0, 0, 0, 0
6, 20, 10, 0, 8, 0, 0, 2, 0, 0, 0, 0, 0, 0, 0
6, 21, 8, 0, 6, 0, 0, 2, 0, 0, 0, 0, 0, 0, 0
6, 22, 8, 0, 6, 0, 0, 2, 0, 0, 0, 0, 0, 0, 0
6, 23, 9, 0, 7, 0, 0, 2, 0, 0, 0, 0, 0, 0, 0
6, 24, 9, 0, 7, 0, 0, 2, 0, 0, 0, 0, 0, 0, 0
6, 25, 9, 0, 7, 0, 0, 2, 0, 0, 0, 0, 0, 0, 0
6, 26, 10, 0, 8, 0, 0, 2, 0, 0, 0, 0, 0, 0, 0
6, 27, 8, 0, 6, 0, 0, 2, 0, 0, 0, 0, 0, 0, 0
6, 28, 8, 0, 6, 0, 0, 2, 0, 0, 0, 0, 0, 0, 0
6, 29, 9, 0, 7, 0, 0, 2, 0, 0, 0, 0, 0, 0, 0
6, 63, 8, 0, 0, 0, 0, 8, 0, 0, 0, 0, 0, 0, 0
7, 0, 6, 0, 6, 0, 0, 0, 0, 0, 0, 0, 0, 0, 0
7, 1, 8, 0, 6, 0, 0, 2, 0, 0, 0, 0, 0, 0, 0
7, 2, 9, 0, 7, 0, 0, 2, 0, 0, 0, 0, 0, 0, 0
7, 3, 9, 0, 7, 0, 0, 2, 0, 0, 0, 0, 0, 0, 0
7, 4, 9, 2, 7, 0, 0, 0, 0, 0, 0, 0, 0, 0, 0
7, 5, 9, 0, 7, 0, 0, 2, 0, 0, 0, 0, 0, 0, 0
7, 6, 9, 0, 7, 0, 0, 2, 0, 0, 0, 0, 0, 0, 0
7, 7, 8, 0, 6, 0, 0, 2, 0, 0, 0, 0, 0, 0, 0
7, 8, 10, 0, 8, 0, 0, 2, 0, 0, 0, 0, 0, 0, 0
7, 9, 6, 0, 6, 0, 0, 0, 0, 0, 0, 0, 0, 0, 0
7, 10, 11, 2, 7, 0, 0, 2, 0, 0, 0, 0, 0, 0, 0
7, 11, 7, 0, 7, 0, 0, 0, 0, 0, 0, 0, 0, 0, 0
7, 12, 9, 0, 7, 0, 0, 2, 0, 0, 0, 0, 0, 0, 0
7, 13, 8, 0, 6, 0, 0, 2, 0, 0, 0, 0, 0, 0, 0
7, 14, 10, 0, 8, 0, 0, 2, 0, 0, 0, 0, 0, 0, 0
7, 15, 9, 0, 7, 0, 0, 2, 0, 0, 0, 0, 0, 0, 0
7, 16, 8, 0, 6, 0, 0, 2, 0, 0, 0, 0, 0, 0, 0
7, 17, 8, 0, 6, 0, 0, 2, 0, 0, 0, 0, 0, 0, 0
7, 18, 8, 0, 6, 0, 0, 2, 0, 0, 0, 0, 0, 0, 0
7, 19, 8, 0, 6, 0, 0, 2, 0, 0, 0, 0, 0, 0, 0
7, 20, 10, 0, 8, 0, 0, 2, 0, 0, 0, 0, 0, 0, 0
7, 21, 8, 0, 6, 0, 0, 2, 0, 0, 0, 0, 0, 0, 0
7, 22, 8, 0, 6, 0, 0, 2, 0, 0, 0, 0, 0, 0, 0
7, 23, 9, 0, 7, 0, 0, 2, 0, 0, 0, 0, 0, 0, 0
7, 24, 9, 0, 7, 0, 0, 2, 0, 0, 0, 0, 0, 0, 0
7, 25, 9, 0, 7, 0, 0, 2, 0, 0, 0, 0, 0, 0, 0
7, 26, 10, 0, 8, 0, 0, 2, 0, 0, 0, 0, 0, 0, 0
7, 27, 8, 0, 6, 0, 0, 2, 0, 0, 0, 0, 0, 0, 0
7, 28, 8, 0, 6, 0, 0, 2, 0, 0, 0, 0, 0, 0, 0
7, 29, 9, 0, 7, 0, 0, 2, 0, 0, 0, 0, 0, 0, 0
7, 63, 8, 0, 0, 0, 0, 8, 0, 0, 0, 0, 0, 0, 0
8, 0, 7, 0, 7, 0, 0, 0, 0, 0, 0, 0, 0, 0, 0
8, 1, 8, 0, 6, 0, 0, 2, 0, 0, 0, 0, 0, 0, 0
8, 2, 9, 0, 7, 0, 0, 2, 0, 0, 0, 0, 0, 0, 0
8, 3, 9, 0, 7, 0, 0, 2, 0, 0, 0, 0, 0, 0, 0
8, 4, 9, 2, 7, 0, 0, 0, 0, 0, 0, 0, 0, 0, 0
8, 5, 11, 2, 7, 0, 0, 2, 0, 0, 0, 0, 0, 0, 0
8, 6, 9, 0, 7, 0, 0, 2, 0, 0, 0, 0, 0, 0, 0
8, 7, 8, 0, 6, 0, 0, 2, 0, 0, 0, 0, 0, 0, 0
8, 8, 10, 0, 8, 0, 0, 2, 0, 0, 0, 0, 0, 0, 0
8, 9, 9, 0, 7, 0, 0, 2, 0, 0, 0, 0, 0, 0, 0
8, 10, 12, 2, 8, 0, 0, 2, 0, 0, 0, 0, 0, 0, 0
8, 11, 12, 2, 8, 0, 0, 2, 0, 0, 0, 0, 0, 0, 0
8, 12, 9, 0, 7, 0, 0, 2, 0, 0, 0, 0, 0, 0, 0
8, 13, 8, 0, 6, 0, 0, 2, 0, 0, 0, 0, 0, 0, 0
8, 14, 11, 0, 9, 0, 0, 2, 0, 0, 0, 0, 0, 0, 0
8, 15, 10, 0, 8, 0, 0, 2, 0, 0, 0, 0, 0, 0, 0
8, 16, 8, 0, 6, 0, 0, 2, 0, 0, 0, 0, 0, 0, 0
8, 17, 8, 0, 6, 0, 0, 2, 0, 0, 0, 0, 0, 0, 0
8, 18, 8, 0, 6, 0, 0, 2, 0, 0, 0, 0, 0, 0, 0
8, 19, 8, 0, 6, 0, 0, 2, 0, 0, 0, 0, 0, 0, 0
8, 20, 10, 0, 8, 0, 0, 2, 0, 0, 0, 0, 0, 0, 0
8, 21, 8, 0, 6, 0, 0, 2, 0, 0, 0, 0, 0, 0, 0
8, 22, 8, 0, 6, 0, 0, 2, 0, 0, 0, 0, 0, 0, 0
8, 23, 9, 0, 7, 0, 0, 2, 0, 0, 0, 0, 0, 0, 0
8, 24, 9, 0, 7, 0, 0, 2, 0, 0, 0, 0, 0, 0, 0
8, 25, 9, 0, 7, 0, 0, 2, 0, 0, 0, 0, 0, 0, 0
8, 26, 11, 0, 9, 0, 0, 2, 0, 0, 0, 0, 0, 0, 0
8, 27, 8, 0, 6, 0, 0, 2, 0, 0, 0, 0, 0, 0, 0
8, 28, 8, 0, 6, 0, 0, 2, 0, 0, 0, 0, 0, 0, 0
8, 29, 9, 0, 7, 0, 0, 2, 0, 0, 0, 0, 0, 0, 0
8, 63, 8, 0, 0, 0, 0, 8, 0, 0, 0, 0, 0, 0, 0
9, 0, 9, 2, 7, 0, 0, 0, 0, 0, 0, 0, 0, 0, 0
9, 1, 11, 2, 7, 0, 0, 2, 0, 0, 0, 0, 0, 0, 0
9, 2, 11, 2, 7, 0, 0, 2, 0, 0, 0, 0, 0, 0, 0
9, 3, 11, 2, 7, 0, 0, 2, 0, 0, 0, 0, 0, 0, 0
9, 4, 11, 4, 7, 0, 0, 0, 0, 0, 0, 0, 0, 0, 0
9, 5, 11, 2, 7, 0, 0, 2, 0, 0, 0, 0, 0, 0, 0
9, 6, 11, 2, 7, 0, 0, 2, 0, 0, 0, 0, 0, 0, 0
9, 7, 11, 2, 7, 0, 0, 2, 0, 0, 0, 0, 0, 0, 0
9, 8, 14, 2, 8, 0, 0, 4, 0, 0, 0, 0, 0, 0, 0
9, 9, 9, 0, 7, 0, 0, 2, 0, 0, 0, 0, 0, 0, 0
9, 10, 12, 2, 8, 0, 0, 2, 0, 0, 0, 0, 0, 0, 0
9, 11, 12, 2, 8, 0, 0, 2, 0, 0, 0, 0, 0, 0, 0
9, 12, 11, 2, 7, 0, 0, 2, 0, 0, 0, 0, 0, 0, 0
9, 13, 11, 2, 7, 0, 0, 2, 0, 0, 0, 0, 0, 0, 0
9, 14, 13, 2, 9, 0, 0, 2, 0, 0, 0, 0, 0, 0, 0
9, 15, 12, 2, 8, 0, 0, 2, 0, 0, 0, 0, 0, 0, 0
9, 16, 11, 2, 7, 0, 0, 2, 0, 0, 0, 0, 0, 0, 0
9, 17, 11, 2, 7, 0, 0, 2, 0, 0, 0, 0, 0, 0, 0
9, 18, 11, 2, 7, 0, 0, 2, 0, 0, 0, 0, 0, 0, 0
9, 19, 11, 2, 7, 0, 0, 2, 0, 0, 0, 0, 0, 0, 0
9, 20, 12, 2, 8, 0, 0, 2, 0, 0, 0, 0, 0, 0, 0
9, 21, 11, 2, 7, 0, 0, 2, 0, 0, 0, 0, 0, 0, 0
9, 22, 11, 2, 7, 0, 0, 2, 0, 0, 0, 0, 0, 0, 0
9, 23, 11, 2, 7, 0, 0, 2, 0, 0, 0, 0, 0, 0, 0
9, 24, 11, 2, 7, 0, 0, 2, 0, 0, 0, 0, 0, 0, 0
9, 25, 11, 2, 7, 0, 0, 2, 0, 0, 0, 0, 0, 0, 0
9, 26, 13, 2, 9, 0, 0, 2, 0, 0, 0, 0, 0, 0, 0
9, 27, 11, 2, 7, 0, 0, 2, 0, 0, 0, 0, 0, 0, 0
9, 28, 11, 2, 7, 0, 0, 2, 0, 0, 0, 0, 0, 0, 0
9, 29, 11, 2, 7, 0, 0, 2, 0, 0, 0, 0, 0, 0, 0
9, 63, 10, 2, 0, 0, 0, 8, 0, 0, 0, 0, 0, 0, 0
10, 0, 11, 2, 7, 0, 0, 2, 0, 0, 0, 0, 0, 0, 0
10, 1, 11, 2, 7, 0, 0, 2, 0, 0, 0, 0, 0, 0, 0
10, 2, 13, 2, 7, 0, 0, 4, 0, 0, 0, 0, 0, 0, 0
10, 3, 14, 2, 8, 0, 0, 4, 0, 0, 0, 0, 0, 0, 0
10, 4, 13, 4, 7, 0, 0, 2, 0, 0, 0, 0, 0, 0, 0
10, 5, 13, 2, 7, 0, 0, 4, 0, 0, 0, 0, 0, 0, 0
10, 6, 11, 2, 7, 0, 0, 2, 0, 0, 0, 0, 0, 0, 0
10, 7, 11, 2, 7, 0, 0, 2, 0, 0, 0, 0, 0, 0, 0
10, 8, 14, 2, 8, 0, 0, 4, 0, 0, 0, 0, 0, 0, 0
10, 9, 9, 0, 7, 0, 0, 2, 0, 0, 0, 0, 0, 0, 0
10, 10, 12, 2, 8, 0, 0, 2, 0, 0, 0, 0, 0, 0, 0
10, 11, 12, 2, 8, 0, 0, 2, 0, 0, 0, 0, 0, 0, 0
10, 12, 12, 2, 8, 0, 0, 2, 0, 0, 0, 0, 0, 0, 0
10, 13, 11, 2, 7, 0, 0, 2, 0, 0, 0, 0, 0, 0, 0
10, 14, 13, 2, 9, 0, 0, 2, 0, 0, 0, 0, 0, 0, 0
10, 15, 12, 2, 8, 0, 0, 2, 0, 0, 0, 0, 0, 0, 0
10, 16, 11, 2, 7, 0, 0, 2, 0, 0, 0, 0, 0, 0, 0
10, 17, 11, 2, 7, 0, 0, 2, 0, 0, 0, 0, 0, 0, 0
10, 18, 11, 2, 7, 0, 0, 2, 0, 0, 0, 0, 0, 0, 0
10, 19, 11, 2, 7, 0, 0, 2, 0, 0, 0, 0, 0, 0, 0
10, 20, 13, 2, 9, 0, 0, 2, 0, 0, 0, 0, 0, 0, 0
10, 21, 13, 2, 7, 0, 0, 4, 0, 0, 0, 0, 0, 0, 0
10, 22, 11, 2, 7, 0, 0, 2, 0, 0, 0, 0, 0, 0, 0
10, 23, 11, 2, 7, 0, 0, 2, 0, 0, 0, 0, 0, 0, 0
10, 24, 11, 2, 7, 0, 0, 2, 0, 0, 0, 0, 0, 0, 0
10, 25, 11, 2, 7, 0, 0, 2, 0, 0, 0, 0, 0, 0, 0
10, 26, 13, 2, 9, 0, 0, 2, 0, 0, 0, 0, 0, 0, 0
10, 27, 11, 2, 7, 0, 0, 2, 0, 0, 0, 0, 0, 0, 0
10, 28, 11, 2, 7, 0, 0, 2, 0, 0, 0, 0, 0, 0, 0
10, 29, 11, 2, 7, 0, 0, 2, 0, 0, 0, 0, 0, 0, 0
10, 63, 10, 2, 0, 0, 0, 8, 0, 0, 0, 0, 0, 0, 0
11, 0, 11, 2, 7, 0, 0, 2, 0, 0, 0, 0, 0, 0, 0
11, 1, 11, 2, 7, 0, 0, 2, 0, 0, 0, 0, 0, 0, 0
11, 2, 14, 2, 8, 0, 0, 4, 0, 0, 0, 0, 0, 0, 0
11, 3, 14, 2, 8, 0, 0, 4, 0, 0, 0, 0, 0, 0, 0
11, 4, 14, 4, 8, 0, 0, 2, 0, 0, 0, 0, 0, 0, 0
11, 5, 14, 2, 8, 0, 0, 4, 0, 0, 0, 0, 0, 0, 0
11, 6, 11, 2, 7, 0, 0, 2, 0, 0, 0, 0, 0, 0, 0
11, 7, 11, 2, 7, 0, 0, 2, 0, 0, 0, 0, 0, 0, 0
11, 8, 15, 2, 9, 0, 0, 4, 0, 0, 0, 0, 0, 0, 0
11, 9, 11, 2, 7, 0, 0, 2, 0, 0, 0, 0, 0, 0, 0
11, 10, 12, 2, 8, 0, 0, 2, 0, 0, 0, 0, 0, 0, 0
11, 11, 16, 4, 8, 0, 0, 4, 0, 0, 0, 0, 0, 0, 0
11, 12, 12, 2, 8, 0, 0, 2, 0, 0, 0, 0, 0, 0, 0
11, 13, 11, 2, 7, 0, 0, 2, 0, 0, 0, 0, 0, 0, 0
11, 14, 15, 2, 9, 0, 0, 4, 0, 0, 0, 0, 0, 0, 0
11, 15, 12, 2, 8, 0, 0, 2, 0, 0, 0, 0, 0, 0, 0
11, 16, 11, 2, 7, 0, 0, 2, 0, 0, 0, 0, 0, 0, 0
11, 17, 11, 2, 7, 0, 0, 2, 0, 0, 0, 0, 0, 0, 0
11, 18, 13, 2, 7, 0, 0, 4, 0, 0, 0, 0, 0, 0, 0
11, 19, 11, 2, 7, 0, 0, 2, 0, 0, 0, 0, 0, 0, 0
11, 20, 13, 2, 9, 0, 0, 2, 0, 0, 0, 0, 0, 0, 0
11, 21, 13, 2, 7, 0, 0, 4, 0, 0, 0, 0, 0, 0, 0
11, 22, 11, 2, 7, 0, 0, 2, 0, 0, 0, 0, 0, 0, 0
11, 23, 12, 2, 8, 0, 0, 2, 0, 0, 0, 0, 0, 0, 0
11, 24, 12, 2, 8, 0, 0, 2, 0, 0, 0, 0, 0, 0, 0
11, 25, 12, 2, 8, 0, 0, 2, 0, 0, 0, 0, 0, 0, 0
11, 26, 16, 2, 10, 0, 0, 4, 0, 0, 0, 0, 0, 0, 0
11, 27, 11, 2, 7, 0, 0, 2, 0, 0, 0, 0, 0, 0, 0
11, 28, 11, 2, 7, 0, 0, 2, 0, 0, 0, 0, 0, 0, 0
11, 29, 12, 2, 8, 0, 0, 2, 0, 0, 0, 0, 0, 0, 0
11, 63, 10, 2, 0, 0, 0, 8, 0, 0, 0, 0, 0, 0, 0
12, 0, 11, 2, 7, 0, 0, 2, 0, 0, 0, 0, 0, 0, 0
12, 1, 11, 2, 7, 0, 0, 2, 0, 0, 0, 0, 0, 0, 0
12, 2, 14, 2, 8, 0, 0, 4, 0, 0, 0, 0, 0, 0, 0
12, 3, 16, 2, 8, 0, 0, 6, 0, 0, 0, 0, 0, 0, 0
12, 4, 14, 4, 8, 0, 0, 2, 0, 0, 0, 0, 0, 0, 0
12, 5, 16, 4, 8, 0, 0, 4, 0, 0, 0, 0, 0, 0, 0
12, 6, 11, 2, 7, 0, 0, 2, 0, 0, 0, 0, 0, 0, 0
12, 7, 11, 2, 7, 0, 0, 2, 0, 0, 0, 0, 0, 0, 0
12, 8, 15, 2, 9, 0, 0, 4, 0, 0, 0, 0, 0, 0, 0
12, 9, 11, 2, 7, 0, 0, 2, 0, 0, 0, 0, 0, 0, 0
12, 10, 16, 4, 8, 0, 0, 4, 0, 0, 0, 0, 0, 0, 0
12, 11, 17, 4, 9, 0, 0, 4, 0, 0, 0, 0, 0, 0, 0
12, 12, 12, 2, 8, 0, 0, 2, 0, 0, 0, 0, 0, 0, 0
12, 13, 11, 2, 7, 0, 0, 2, 0, 0, 0, 0, 0, 0, 0
12, 14, 16, 2, 10, 0, 0, 4, 0, 0, 0, 0, 0, 0, 0
12, 15, 14, 2, 8, 0, 0, 4, 0, 0, 0, 0, 0, 0, 0
12, 16, 11, 2, 7, 0, 0, 2, 0, 0, 0, 0, 0, 0, 0
12, 17, 11, 2, 7, 0, 0, 2, 0, 0, 0, 0, 0, 0, 0
12, 18, 13, 2, 7, 0, 0, 4, 0, 0, 0, 0, 0, 0, 0
12, 19, 11, 2, 7, 0, 0, 2, 0, 0, 0, 0, 0, 0, 0
12, 20, 15, 2, 9, 0, 0, 4, 0, 0, 0, 0, 0, 0, 0
12, 21, 13, 2, 7, 0, 0, 4, 0, 0, 0, 0, 0, 0, 0
12, 22, 11, 2, 7, 0, 0, 2, 0, 0, 0, 0, 0, 0, 0
12, 23, 12, 2, 8, 0, 0, 2, 0, 0, 0, 0, 0, 0, 0
12, 24, 12, 2, 8, 0, 0, 2, 0, 0, 0, 0, 0, 0, 0
12, 25, 12, 2, 8, 0, 0, 2, 0, 0, 0, 0, 0, 0, 0
12, 26, 16, 2, 10, 0, 0, 4, 0, 0, 0, 0, 0, 0, 0
12, 27, 11, 2, 7, 0, 0, 2, 0, 0, 0, 0, 0, 0, 0
12, 28, 11, 2, 7, 0, 0, 2, 0, 0, 0, 0, 0, 0, 0
12, 29, 12, 2, 8, 0, 0, 2, 0, 0, 0, 0, 0, 0, 0
12, 63, 10, 2, 0, 0, 0, 8, 0, 0, 0, 0, 0, 0, 0
13, 0, 10, 2, 6, 0, 0, 2, 0, 0, 0, 0, 0, 0, 0
13, 1, 11, 2, 7, 0, 0, 2, 0, 0, 0, 0, 0, 0, 0
13, 2, 16, 2, 8, 0, 0, 6, 0, 0, 0, 0, 0, 0, 0
13, 3, 18, 2, 8, 0, 0, 8, 0, 0, 0, 0, 0, 0, 0
13, 4, 18, 6, 8, 0, 0, 4, 0, 0, 0, 0, 0, 0, 0
13, 5, 16, 4, 8, 0, 0, 4, 0, 0, 0, 0, 0, 0, 0
13, 6, 13, 2, 7, 0, 0, 4, 0, 0, 0, 0, 0, 0, 0
13, 7, 11, 2, 7, 0, 0, 2, 0, 0, 0, 0, 0, 0, 0
13, 8, 15, 2, 9, 0, 0, 4, 0, 0, 0, 0, 0, 0, 0
13, 9, 11, 2, 7, 0, 0, 2, 0, 0, 0, 0, 0, 0, 0
13, 10, 17, 4, 9, 0, 0, 4, 0, 0, 0, 0, 0, 0, 0
13, 11, 17, 4, 9, 0, 0, 4, 0, 0, 0, 0, 0, 0, 0
13, 12, 16, 4, 8, 0, 0, 4, 0, 0, 0, 0, 0, 0, 0
13, 13, 15, 4, 7, 0, 0, 4, 0, 0, 0, 0, 0, 0, 0
13, 14, 16, 2, 10, 0, 0, 4, 0, 0, 0, 0, 0, 0, 0
13, 15, 16, 4, 8, 0, 0, 4, 0, 0, 0, 0, 0, 0, 0
13, 16, 13, 2, 7, 0, 0, 4, 0, 0, 0, 0, 0, 0, 0
13, 17, 15, 4, 7, 0, 0, 4, 0, 0, 0, 0, 0, 0, 0
13, 18, 13, 2, 7, 0, 0, 4, 0, 0, 0, 0, 0, 0, 0
13, 19, 11, 2, 7, 0, 0, 2, 0, 0, 0, 0, 0, 0, 0
13, 20, 16, 2, 10, 0, 0, 4, 0, 0, 0, 0, 0, 0, 0
13, 21, 15, 2, 7, 0, 0, 6, 0, 0, 0, 0, 0, 0, 0
13, 22, 13, 2, 7, 0, 0, 4, 0, 0, 0, 0, 0, 0, 0
13, 23, 16, 4, 8, 0, 0, 4, 0, 0, 0, 0, 0, 0, 0
13, 24, 14, 2, 8, 0, 0, 4, 0, 0, 0, 0, 0, 0, 0
13, 25, 14, 2, 8, 0, 0, 4, 0, 0, 0, 0, 0, 0, 0
13, 26, 18, 4, 10, 0, 0, 4, 0, 0, 0, 0, 0, 0, 0
13, 27, 13, 2, 7, 0, 0, 4, 0, 0, 0, 0, 0, 0, 0
13, 28, 13, 2, 7, 0, 0, 4, 0, 0, 0, 0, 0, 0, 0
13, 29, 14, 2, 8, 0, 0, 4, 0, 0, 0, 0, 0, 0, 0
13, 63, 12, 2, 0, 0, 0, 10, 0, 0, 0, 0, 0, 0, 0
14, 0, 10, 2, 6, 0, 0, 2, 0, 0, 0, 0, 0, 0, 0
14, 1, 13, 2, 7, 0, 0, 4, 0, 0, 0, 0, 0, 0, 0
14, 2, 16, 2, 8, 0, 0, 6, 0, 0, 0, 0, 0, 0, 0
14, 3, 20, 4, 8, 0, 0, 8, 0, 0, 0, 0, 0, 0, 0
14, 4, 18, 6, 8, 0, 0, 4, 0, 0, 0, 0, 0, 0, 0
14, 5, 16, 4, 8, 0, 0, 4, 0, 0, 0, 0, 0, 0, 0
14, 6, 15, 4, 7, 0, 0, 4, 0, 0, 0, 0, 0, 0, 0
14, 7, 13, 2, 7, 0, 0, 4, 0, 0, 0, 0, 0, 0, 0
14, 8, 17, 2, 9, 0, 0, 6, 0, 0, 0, 0, 0, 0, 0
14, 9, 11, 2, 7, 0, 0, 2, 0, 0, 0, 0, 0, 0, 0
14, 10, 17, 4, 9, 0, 0, 4, 0, 0, 0, 0, 0, 0, 0
14, 11, 21, 6, 9, 0, 0, 6, 0, 0, 0, 0, 0, 0, 0
14, 12, 16, 4, 8, 0, 0, 4, 0, 0, 0, 0, 0, 0, 0
14, 13, 15, 4, 7, 0, 0, 4, 0, 0, 0, 0, 0, 0, 0
14, 14, 18, 2, 10, 0, 0, 6, 0, 0, 0, 0, 0, 0, 0
14, 15, 16, 4, 8, 0, 0, 4, 0, 0, 0, 0, 0, 0, 0
14, 16, 13, 2, 7, 0, 0, 4, 0, 0, 0, 0, 0, 0, 0
14, 17, 15, 4, 7, 0, 0, 4, 0, 0, 0, 0, 0, 0, 0
14, 18, 15, 2, 7, 0, 0, 6, 0, 0, 0, 0, 0, 0, 0
14, 19, 13, 2, 7, 0, 0, 4, 0, 0, 0, 0, 0, 0, 0
14, 20, 16, 2, 10, 0, 0, 4, 0, 0, 0, 0, 0, 0, 0
14, 21, 15, 2, 7, 0, 0, 6, 0, 0, 0, 0, 0, 0, 0
14, 22, 13, 2, 7, 0, 0, 4, 0, 0, 0, 0, 0, 0, 0
14, 23, 16, 4, 8, 0, 0, 4, 0, 0, 0, 0, 0, 0, 0
14, 24, 14, 2, 8, 0, 0, 4, 0, 0, 0, 0, 0, 0, 0
14, 25, 14, 2, 8, 0, 0, 4, 0, 0, 0, 0, 0, 0, 0
14, 26, 20, 4, 10, 0, 0, 6, 0, 0, 0, 0, 0, 0, 0
14, 27, 13, 2, 7, 0, 0, 4, 0, 0, 0, 0, 0, 0, 0
14, 28, 13, 2, 7, 0, 0, 4, 0, 0, 0, 0, 0, 0, 0
14, 29, 14, 2, 8, 0, 0, 4, 0, 0, 0, 0, 0, 0, 0
14, 63, 12, 2, 0, 0, 0, 10, 0, 0, 0, 0, 0, 0, 0
15, 0, 12, 4, 6, 0, 0, 2, 0, 0, 0, 0, 0, 0, 0
15, 1, 15, 4, 7, 0, 0, 4, 0, 0, 0, 0, 0, 0, 0
15, 2, 16, 2, 8, 0, 0, 6, 0, 0, 0, 0, 0, 0, 0
15, 3, 20, 4, 8, 0, 0, 8, 0, 0, 0, 0, 0, 0, 0
15, 4, 18, 6, 8, 0, 0, 4, 0, 0, 0, 0, 0, 0, 0
15, 5, 18, 6, 8, 0, 0, 4, 0, 0, 0, 0, 0, 0, 0
15, 6, 15, 4, 7, 0, 0, 4, 0, 0, 0, 0, 0, 0, 0
15, 7, 15, 4, 7, 0, 0, 4, 0, 0, 0, 0, 0, 0, 0
15, 8, 19, 4, 9, 0, 0, 6, 0, 0, 0, 0, 0, 0, 0
15, 9, 13, 2, 7, 0, 0, 4, 0, 0, 0, 0, 0, 0, 0
15, 10, 19, 4, 9, 0, 0, 6, 0, 0, 0, 0, 0, 0, 0
15, 11, 21, 6, 9, 0, 0, 6, 0, 0, 0, 0, 0, 0, 0
15, 12, 18, 6, 8, 0, 0, 4, 0, 0, 0, 0, 0, 0, 0
15, 13, 17, 6, 7, 0, 0, 4, 0, 0, 0, 0, 0, 0, 0
15, 14, 20, 4, 10, 0, 0, 6, 0, 0, 0, 0, 0, 0, 0
15, 15, 20, 6, 8, 0, 0, 6, 0, 0, 0, 0, 0, 0, 0
15, 16, 15, 4, 7, 0, 0, 4, 0, 0, 0, 0, 0, 0, 0
15, 17, 17, 6, 7, 0, 0, 4, 0, 0, 0, 0, 0, 0, 0
15, 18, 15, 2, 7, 0, 0, 6, 0, 0, 0, 0, 0, 0, 0
15, 19, 17, 4, 7, 0, 0, 6, 0, 0, 0, 0, 0, 0, 0
15, 20, 18, 2, 10, 0, 0, 6, 0, 0, 0, 0, 0, 0, 0
15, 21, 15, 2, 7, 0, 0, 6, 0, 0, 0, 0, 0, 0, 0
15, 22, 13, 2, 7, 0, 0, 4, 0, 0, 0, 0, 0, 0, 0
15, 23, 18, 6, 8, 0, 0, 4, 0, 0, 0, 0, 0, 0, 0
15, 24, 14, 2, 8, 0, 0, 4, 0, 0, 0, 0, 0, 0, 0
15, 25, 16, 4, 8, 0, 0, 4, 0, 0, 0, 0, 0, 0, 0
15, 26, 22, 6, 10, 0, 0, 6, 0, 0, 0, 0, 0, 0, 0
15, 27, 13, 2, 7, 0, 0, 4, 0, 0, 0, 0, 0, 0, 0
15, 28, 15, 4, 7, 0, 0, 4, 0, 0, 0, 0, 0, 0, 0
15, 29, 14, 2, 8, 0, 0, 4, 0, 0, 0, 0, 0, 0, 0
15, 63, 14, 4, 0, 0, 0, 10, 0, 0, 0, 0, 0, 0, 0
16, 0, 18, 4, 12, 0, 0, 2, 0, 0, 0, 0, 0, 0, 0
16, 1, 17, 4, 7, 0, 0, 6, 0, 0, 0, 0, 0, 0, 0
16, 2, 16, 2, 8, 0, 0, 6, 0, 0, 0, 0, 0, 0, 0
16, 3, 23, 4, 9, 0, 0, 10, 0, 0, 0, 0, 0, 0, 0
16, 4, 20, 6, 8, 0, 0, 6, 0, 0, 0, 0, 0, 0, 0
16, 5, 18, 6, 8, 0, 0, 4, 0, 0, 0, 0, 0, 0, 0
16, 6, 18, 4, 8, 0, 0, 6, 0, 0, 0, 0, 0, 0, 0
16, 7, 15, 4, 7, 0, 0, 4, 0, 0, 0, 0, 0, 0, 0
16, 8, 20, 4, 10, 0, 0, 6, 0, 0, 0, 0, 0, 0, 0
16, 9, 15, 4, 7, 0, 0, 4, 0, 0, 0, 0, 0, 0, 0
16, 10, 21, 6, 9, 0, 0, 6, 0, 0, 0, 0, 0, 0, 0
16, 11, 21, 6, 9, 0, 0, 6, 0, 0, 0, 0, 0, 0, 0
16, 12, 20, 6, 8, 0, 0, 6, 0, 0, 0, 0, 0, 0, 0
16, 13, 19, 6, 7, 0, 0, 6, 0, 0, 0, 0, 0, 0, 0
16, 14, 22, 6, 10, 0, 0, 6, 0, 0, 0, 0, 0, 0, 0
16, 15, 20, 6, 8, 0, 0, 6, 0, 0, 0, 0, 0, 0, 0
16, 16, 19, 6, 7, 0, 0, 6, 0, 0, 0, 0, 0, 0, 0
16, 17, 19, 6, 7, 0, 0, 6, 0, 0, 0, 0, 0, 0, 0
16, 18, 17, 4, 7, 0, 0, 6, 0, 0, 0, 0, 0, 0, 0
16, 19, 19, 6, 7, 0, 0, 6, 0, 0, 0, 0, 0, 0, 0
16, 20, 20, 4, 10, 0, 0, 6, 0, 0, 0, 0, 0, 0, 0
16, 21, 19, 4, 7, 0, 0, 8, 0, 0, 0, 0, 0, 0, 0
16, 22, 15, 4, 7, 0, 0, 4, 0, 0, 0, 0, 0, 0, 0
16, 23, 20, 6, 8, 0, 0, 6, 0, 0, 0, 0, 0, 0, 0
16, 24, 18, 4, 8, 0, 0, 6, 0, 0, 0, 0, 0, 0, 0
16, 25, 20, 6, 8, 0, 0, 6, 0, 0, 0, 0, 0, 0, 0
16, 26, 23, 6, 11, 0, 0, 6, 0, 0, 0, 0, 0, 0, 0
16, 27, 17, 4, 7, 0, 0, 6, 0, 0, 0, 0, 0, 0, 0
16, 28, 19, 6, 7, 0, 0, 6, 0, 0, 0, 0, 0, 0, 0
16, 29, 18, 4, 8, 0, 0, 6, 0, 0, 0, 0, 0, 0, 0
16, 63, 16, 6, 0, 0, 0, 10, 0, 0, 0, 0, 0, 0, 0
17, 0, 18, 4, 12, 0, 0, 2, 0, 0, 0, 0, 0, 0, 0
17, 1, 17, 4, 7, 0, 0, 6, 0, 0, 0, 0, 0, 0, 0
17, 2, 20, 2, 12, 0, 0, 6, 0, 0, 0, 0, 0, 0, 0
17, 3, 23, 4, 9, 0, 0, 10, 0, 0, 0, 0, 0, 0, 0
17, 4, 20, 6, 8, 0, 0, 6, 0, 0, 0, 0, 0, 0, 0
17, 5, 18, 6, 8, 0, 0, 4, 0, 0, 0, 0, 0, 0, 0
17, 6, 18, 4, 8, 0, 0, 6, 0, 0, 0, 0, 0, 0, 0
17, 7, 19, 6, 7, 0, 0, 6, 0, 0, 0, 0, 0, 0, 0
17, 8, 22, 6, 10, 0, 0, 6, 0, 0, 0, 0, 0, 0, 0
17, 9, 15, 4, 7, 0, 0, 4, 0, 0, 0, 0, 0, 0, 0
17, 10, 22, 6, 10, 0, 0, 6, 0, 0, 0, 0, 0, 0, 0
17, 11, 21, 6, 9, 0, 0, 6, 0, 0, 0, 0, 0, 0, 0
17, 12, 20, 6, 8, 0, 0, 6, 0, 0, 0, 0, 0, 0, 0
17, 13, 19, 6, 7, 0, 0, 6, 0, 0, 0, 0, 0, 0, 0
17, 14, 23, 6, 11, 0, 0, 6, 0, 0, 0, 0, 0, 0, 0
17, 15, 20, 6, 8, 0, 0, 6, 0, 0, 0, 0, 0, 0, 0
17, 16, 19, 6, 7, 0, 0, 6, 0, 0, 0, 0, 0, 0, 0
17, 17, 19, 6, 7, 0, 0, 6, 0, 0, 0, 0, 0, 0, 0
17, 18, 19, 6, 7, 0, 0, 6, 0, 0, 0, 0, 0, 0, 0
17, 19, 21, 6, 7, 0, 0, 8, 0, 0, 0, 0, 0, 0, 0
17, 20, 22, 6, 10, 0, 0, 6, 0, 0, 0, 0, 0, 0, 0
17, 21, 22, 6, 8, 0, 0, 8, 0, 0, 0, 0, 0, 0, 0
17, 22, 19, 6, 7, 0, 0, 6, 0, 0, 0, 0, 0, 0, 0
17, 23, 23, 6, 11, 0, 0, 6, 0, 0, 0, 0, 0, 0, 0
17, 24, 22, 6, 8, 0, 0, 8, 0, 0, 0, 0, 0, 0, 0
17, 25, 20, 6, 8, 0, 0, 6, 0, 0, 0, 0, 0, 0, 0
17, 26, 23, 6, 11, 0, 0, 6, 0, 0, 0, 0, 0, 0, 0
17, 27, 19, 6, 7, 0, 0, 6, 0, 0, 0, 0, 0, 0, 0
17, 28, 19, 6, 7, 0, 0, 6, 0, 0, 0, 0, 0, 0, 0
17, 29, 20, 6, 8, 0, 0, 6, 0, 0, 0, 0, 0, 0, 0
17, 63, 18, 6, 0, 0, 0, 12, 0, 0, 0, 0, 0, 0, 0
18, 0, 21, 4, 13, 0, 0, 4, 0, 0, 0, 0, 0, 0, 0
18, 1, 17, 4, 7, 0, 0, 6, 0, 0, 0, 0, 0, 0, 0
18, 2, 20, 2, 12, 0, 0, 6, 0, 0, 0, 0, 0, 0, 0
18, 3, 23, 4, 9, 0, 0, 10, 0, 0, 0, 0, 0, 0, 0
18, 4, 23, 8, 9, 0, 0, 6, 0, 0, 0, 0, 0, 0, 0
18, 5, 19, 6, 9, 0, 0, 4, 0, 0, 0, 0, 0, 0, 0
18, 6, 20, 6, 8, 0, 0, 6, 0, 0, 0, 0, 0, 0, 0
18, 7, 19, 6, 7, 0, 0, 6, 0, 0, 0, 0, 0, 0, 0
18, 8, 22, 6, 10, 0, 0, 6, 0, 0, 0, 0, 0, 0, 0
18, 9, 16, 4, 8, 0, 0, 4, 0, 0, 0, 0, 0, 0, 0
18, 10, 22, 6, 10, 0, 0, 6, 0, 0, 0, 0, 0, 0, 0
18, 11, 23, 6, 9, 0, 0, 8, 0, 0, 0, 0, 0, 0, 0
18, 12, 21, 6, 9, 0, 0, 6, 0, 0, 0, 0, 0, 0, 0
18, 13, 19, 6, 7, 0, 0, 6, 0, 0, 0, 0, 0, 0, 0
18, 14, 23, 6, 11, 0, 0, 6, 0, 0, 0, 0, 0, 0, 0
18, 15, 23, 6, 9, 0, 0, 8, 0, 0, 0, 0, 0, 0, 0
18, 16, 19, 6, 7, 0, 0, 6, 0, 0, 0, 0, 0, 0, 0
18, 17, 19, 6, 7, 0, 0, 6, 0, 0, 0, 0, 0, 0, 0
18, 18, 19, 6, 7, 0, 0, 6, 0, 0, 0, 0, 0, 0, 0
18, 19, 21, 6, 7, 0, 0, 8, 0, 0, 0, 0, 0, 0, 0
18, 20, 23, 6, 11, 0, 0, 6, 0, 0, 0, 0, 0, 0, 0
18, 21, 22, 6, 8, 0, 0, 8, 0, 0, 0, 0, 0, 0, 0
18, 22, 19, 6, 7, 0, 0, 6, 0, 0, 0, 0, 0, 0, 0
18, 23, 23, 6, 11, 0, 0, 6, 0, 0, 0, 0, 0, 0, 0
18, 24, 22, 6, 8, 0, 0, 8, 0, 0, 0, 0, 0, 0, 0
18, 25, 20, 6, 8, 0, 0, 6, 0, 0, 0, 0, 0, 0, 0
18, 26, 25, 6, 11, 0, 0, 8, 0, 0, 0, 0, 0, 0, 0
18, 27, 19, 6, 7, 0, 0, 6, 0, 0, 0, 0, 0, 0, 0
18, 28, 19, 6, 7, 0, 0, 6, 0, 0, 0, 0, 0, 0, 0
18, 29, 20, 6, 8, 0, 0, 6, 0, 0, 0, 0, 0, 0, 0
18, 63, 18, 6, 0, 0, 0, 12, 0, 0, 0, 0, 0, 0, 0
19, 0, 23, 6, 13, 0, 0, 4, 0, 0, 0, 0, 0, 0, 0
19, 1, 17, 4, 7, 0, 0, 6, 0, 0, 0, 0, 0, 0, 0
19, 2, 22, 4, 12, 0, 0, 6, 0, 0, 0, 0, 0, 0, 0
19, 3, 26, 4, 12, 0, 0, 10, 0, 0, 0, 0, 0, 0, 0
19, 4, 25, 8, 9, 0, 0, 8, 0, 0, 0, 0, 0, 0, 0
19, 5, 20, 6, 8, 0, 0, 6, 0, 0, 0, 0, 0, 0, 0
19, 6, 22, 6, 8, 0, 0, 8, 0, 0, 0, 0, 0, 0, 0
19, 7, 19, 6, 7, 0, 0, 6, 0, 0, 0, 0, 0, 0, 0
19, 8, 23, 6, 9, 0, 0, 8, 0, 0, 0, 0, 0, 0, 0
19, 9, 16, 4, 8, 0, 0, 4, 0, 0, 0, 0, 0, 0, 0
19, 10, 22, 6, 10, 0, 0, 6, 0, 0, 0, 0, 0, 0, 0
19, 11, 36, 6, 10, 3, 4, 8, 5, 0, 0, 0, 0, 0, 0
19, 12, 21, 6, 9, 0, 0, 6, 0, 0, 0, 0, 0, 0, 0
19, 13, 19, 6, 7, 0, 0, 6, 0, 0, 0, 0, 0, 0, 0
19, 14, 23, 6, 11, 0, 0, 6, 0, 0, 0, 0, 0, 0, 0
19, 15, 23, 6, 9, 0, 0, 8, 0, 0, 0, 0, 0, 0, 0
19, 16, 19, 6, 7, 0, 0, 6, 0, 0, 0, 0, 0, 0, 0
19, 17, 19, 6, 7, 0, 0, 6, 0, 0, 0, 0, 0, 0, 0
19, 18, 20, 6, 8, 0, 0, 6, 0, 0, 0, 0, 0, 0, 0
19, 19, 21, 6, 7, 0, 0, 8, 0, 0, 0, 0, 0, 0, 0
19, 20, 23, 6, 11, 0, 0, 6, 0, 0, 0, 0, 0, 0, 0
19, 21, 22, 6, 8, 0, 0, 8, 0, 0, 0, 0, 0, 0, 0
19, 22, 19, 6, 7, 0, 0, 6, 0, 0, 0, 0, 0, 0, 0
19, 23, 26, 6, 12, 0, 0, 8, 0, 0, 0, 0, 0, 0, 0
19, 24, 23, 6, 9, 0, 0, 8, 0, 0, 0, 0, 0, 0, 0
19, 25, 23, 6, 9, 0, 0, 8, 0, 0, 0, 0, 0, 0, 0
19, 26, 25, 6, 11, 0, 0, 8, 0, 0, 0, 0, 0, 0, 0
19, 27, 19, 6, 7, 0, 0, 6, 0, 0, 0, 0, 0, 0, 0
19, 28, 19, 6, 7, 0, 0, 6, 0, 0, 0, 0, 0, 0, 0
19, 29, 21, 6, 9, 0, 0, 6, 0, 0, 0, 0, 0, 0, 0
19, 63, 18, 6, 0, 0, 0, 12, 0, 0, 0, 0, 0, 0, 0
20, 0, 23, 6, 13, 0, 0, 4, 0, 0, 0, 0, 0, 0, 0
20, 1, 19, 6, 7, 0, 0, 6, 0, 0, 0, 0, 0, 0, 0
20, 2, 22, 4, 12, 0, 0, 6, 0, 0, 0, 0, 0, 0, 0
20, 3, 26, 4, 12, 0, 0, 10, 0, 0, 0, 0, 0, 0, 0
20, 4, 24, 8, 8, 0, 0, 8, 0, 0, 0, 0, 0, 0, 0
20, 5, 20, 6, 8, 0, 0, 6, 0, 0, 0, 0, 0, 0, 0
20, 6, 21, 6, 7, 0, 0, 8, 0, 0, 0, 0, 0, 0, 0
20, 7, 21, 6, 7, 0, 0, 8, 0, 0, 0, 0, 0, 0, 0
20, 8, 24, 6, 10, 0, 0, 8, 0, 0, 0, 0, 0, 0, 0
20, 9, 16, 4, 8, 0, 0, 4, 0, 0, 0, 0, 0, 0, 0
20, 10, 22, 6, 10, 0, 0, 6, 0, 0, 0, 0, 0, 0, 0
20, 11, 38, 8, 10, 3, 4, 8, 5, 0, 0, 0, 0, 0, 0
20, 12, 21, 6, 9, 0, 0, 6, 0, 0, 0, 0, 0, 0, 0
20, 13, 19, 6, 7, 0, 0, 6, 0, 0, 0, 0, 0, 0, 0
20, 14, 23, 6, 11, 0, 0, 6, 0, 0, 0, 0, 0, 0, 0
20, 15, 23, 6, 9, 0, 0, 8, 0, 0, 0, 0, 0, 0, 0
20, 16, 21, 6, 7, 0, 0, 8, 0, 0, 0, 0, 0, 0, 0
20, 17, 22, 6, 8, 0, 0, 8, 0, 0, 0, 0, 0, 0, 0
20, 18, 20, 6, 8, 0, 0, 6, 0, 0, 0, 0, 0, 0, 0
20, 19, 23, 6, 7, 0, 0, 10, 0, 0, 0, 0, 0, 0, 0
20, 20, 23, 6, 11, 0, 0, 6, 0, 0, 0, 0, 0, 0, 0
20, 21, 22, 6, 8, 0, 0, 8, 0, 0, 0, 0, 0, 0, 0
20, 22, 19, 6, 7, 0, 0, 6, 0, 0, 0, 0, 0, 0, 0
20, 23, 26, 6, 12, 0, 0, 8, 0, 0, 0, 0, 0, 0, 0
20, 24, 23, 6, 9, 0, 0, 8, 0, 0, 0, 0, 0, 0, 0
20, 25, 23, 6, 9, 0, 0, 8, 0, 0, 0, 0, 0, 0, 0
20, 26, 25, 6, 11, 0, 0, 8, 0, 0, 0, 0, 0, 0, 0
20, 27, 19, 6, 7, 0, 0, 6, 0, 0, 0, 0, 0, 0, 0
20, 28, 21, 6, 7, 0, 0, 8, 0, 0, 0, 0, 0, 0, 0
20, 29, 21, 6, 9, 0, 0, 6, 0, 0, 0, 0, 0, 0, 0
20, 63, 18, 6, 0, 0, 0, 12, 0, 0, 0, 0, 0, 0, 0
21, 0, 26, 6, 16, 0, 0, 4, 0, 0, 0, 0, 0, 0, 0
21, 1, 19, 6, 7, 0, 0, 6, 0, 0, 0, 0, 0, 0, 0
21, 2, 22, 4, 12, 0, 0, 6, 0, 0, 0, 0, 0, 0, 0
21, 3, 26, 4, 12, 0, 0, 10, 0, 0, 0, 0, 0, 0, 0
21, 4, 27, 10, 9, 0, 0, 8, 0, 0, 0, 0, 0, 0, 0
21, 5, 20, 6, 8, 0, 0, 6, 0, 0, 0, 0, 0, 0, 0
21, 6, 21, 6, 7, 0, 0, 8, 0, 0, 0, 0, 0, 0, 0
21, 7, 21, 6, 7, 0, 0, 8, 0, 0, 0, 0, 0, 0, 0
21, 8, 26, 6, 10, 0, 0, 10, 0, 0, 0, 0, 0, 0, 0
21, 9, 18, 6, 8, 0, 0, 4, 0, 0, 0, 0, 0, 0, 0
21, 10, 25, 8, 11, 0, 0, 6, 0, 0, 0, 0, 0, 0, 0
21, 11, 41, 8, 13, 3, 4, 8, 5, 0, 0, 0, 0, 0, 0
21, 12, 21, 6, 9, 0, 0, 6, 0, 0, 0, 0, 0, 0, 0
21, 13, 19, 6, 7, 0, 0, 6, 0, 0, 0, 0, 0, 0, 0
21, 14, 25, 8, 11, 0, 0, 6, 0, 0, 0, 0, 0, 0, 0
21, 15, 23, 6, 9, 0, 0, 8, 0, 0, 0, 0, 0, 0, 0
21, 16, 21, 6, 7, 0, 0, 8, 0, 0, 0, 0, 0, 0, 0
21, 17, 22, 6, 8, 0, 0, 8, 0, 0, 0, 0, 0, 0, 0
21, 18, 22, 6, 8, 0, 0, 8, 0, 0, 0, 0, 0, 0, 0
21, 19, 23, 6, 7, 0, 0, 10, 0, 0, 0, 0, 0, 0, 0
21, 20, 23, 6, 11, 0, 0, 6, 0, 0, 0, 0, 0, 0, 0
21, 21, 22, 6, 8, 0, 0, 8, 0, 0, 0, 0, 0, 0, 0
21, 22, 19, 6, 7, 0, 0, 6, 0, 0, 0, 0, 0, 0, 0
21, 23, 26, 6, 12, 0, 0, 8, 0, 0, 0, 0, 0, 0, 0
21, 24, 23, 6, 9, 0, 0, 8, 0, 0, 0, 0, 0, 0, 0
21, 25, 23, 6, 9, 0, 0, 8, 0, 0, 0, 0, 0, 0, 0
21, 26, 25, 6, 11, 0, 0, 8, 0, 0, 0, 0, 0, 0, 0
21, 27, 19, 6, 7, 0, 0, 6, 0, 0, 0, 0, 0, 0, 0
21, 28, 21, 6, 7, 0, 0, 8, 0, 0, 0, 0, 0, 0, 0
21, 29, 21, 6, 9, 0, 0, 6, 0, 0, 0, 0, 0, 0, 0
21, 63, 18, 6, 0, 0, 0, 12, 0, 0, 0, 0, 0, 0, 0
22, 0, 28, 8, 16, 0, 0, 4, 0, 0, 0, 0, 0, 0, 0
22, 1, 18, 6, 6, 0, 0, 6, 0, 0, 0, 0, 0, 0, 0
22, 2, 22, 4, 12, 0, 0, 6, 0, 0, 0, 0, 0, 0, 0
22, 3, 28, 4, 12, 0, 0, 12, 0, 0, 0, 0, 0, 0, 0
22, 4, 27, 10, 9, 0, 0, 8, 0, 0, 0, 0, 0, 0, 0
22, 5, 22, 6, 8, 0, 0, 8, 0, 0, 0, 0, 0, 0, 0
22, 6, 23, 6, 7, 0, 0, 10, 0, 0, 0, 0, 0, 0, 0
22, 7, 23, 8, 7, 0, 0, 8, 0, 0, 0, 0, 0, 0, 0
22, 8, 31, 8, 13, 0, 0, 10, 0, 0, 0, 0, 0, 0, 0
22, 9, 20, 6, 8, 0, 0, 6, 0, 0, 0, 0, 0, 0, 0
22, 10, 24, 8, 10, 0, 0, 6, 0, 0, 0, 0, 0, 0, 0
22, 11, 43, 8, 13, 3, 4, 10, 5, 0, 0, 0, 0, 0, 0
22, 12, 21, 6, 9, 0, 0, 6, 0, 0, 0, 0, 0, 0, 0
22, 13, 19, 6, 7, 0, 0, 6, 0, 0, 0, 0, 0, 0, 0
22, 14, 25, 8, 11, 0, 0, 6, 0, 0, 0, 0, 0, 0, 0
22, 15, 23, 6, 9, 0, 0, 8, 0, 0, 0, 0, 0, 0, 0
22, 16, 21, 6, 7, 0, 0, 8, 0, 0, 0, 0, 0, 0, 0
22, 17, 22, 6, 8, 0, 0, 8, 0, 0, 0, 0, 0, 0, 0
22, 18, 24, 6, 8, 0, 0, 10, 0, 0, 0, 0, 0, 0, 0
22, 19, 23, 6, 7, 0, 0, 10, 0, 0, 0, 0, 0, 0, 0
22, 20, 23, 6, 11, 0, 0, 6, 0, 0, 0, 0, 0, 0, 0
22, 21, 22, 6, 8, 0, 0, 8, 0, 0, 0, 0, 0, 0, 0
22, 22, 19, 6, 7, 0, 0, 6, 0, 0, 0, 0, 0, 0, 0
22, 23, 28, 8, 12, 0, 0, 8, 0, 0, 0, 0, 0, 0, 0
22, 24, 25, 6, 9, 0, 0, 10, 0, 0, 0, 0, 0, 0, 0
22, 25, 23, 6, 9, 0, 0, 8, 0, 0, 0, 0, 0, 0, 0
22, 26, 27, 8, 11, 0, 0, 8, 0, 0, 0, 0, 0, 0, 0
22, 27, 19, 6, 7, 0, 0, 6, 0, 0, 0, 0, 0, 0, 0
22, 28, 21, 6, 7, 0, 0, 8, 0, 0, 0, 0, 0, 0, 0
22, 29, 21, 6, 9, 0, 0, 6, 0, 0, 0, 0, 0, 0, 0
22, 63, 20, 6, 0, 0, 0, 14, 0, 0, 0, 0, 0, 0, 0
23, 0, 29, 8, 17, 0, 0, 4, 0, 0, 0, 0, 0, 0, 0
23, 1, 20, 6, 6, 0, 0, 8, 0, 0, 0, 0, 0, 0, 0
23, 2, 22, 4, 12, 0, 0, 6, 0, 0, 0, 0, 0, 0, 0
23, 3, 30, 6, 12, 0, 0, 12, 0, 0, 0, 0, 0, 0, 0
23, 4, 27, 10, 9, 0, 0, 8, 0, 0, 0, 0, 0, 0, 0
23, 5, 31, 8, 15, 0, 0, 8, 0, 0, 0, 0, 0, 0, 0
23, 6, 24, 6, 8, 0, 0, 10, 0, 0, 0, 0, 0, 0, 0
23, 7, 23, 8, 7, 0, 0, 8, 0, 0, 0, 0, 0, 0, 0
23, 8, 31, 8, 13, 0, 0, 10, 0, 0, 0, 0, 0, 0, 0
23, 9, 19, 6, 7, 0, 0, 6, 0, 0, 0, 0, 0, 0, 0
23, 10, 24, 8, 10, 0, 0, 6, 0, 0, 0, 0, 0, 0, 0
23, 11, 43, 8, 13, 3, 4, 10, 5, 0, 0, 0, 0, 0, 0
23, 12, 23, 8, 9, 0, 0, 6, 0, 0, 0, 0, 0, 0, 0
23, 13, 23, 8, 7, 0, 0, 8, 0, 0, 0, 0, 0, 0, 0
23, 14, 25, 8, 11, 0, 0, 6, 0, 0, 0, 0, 0, 0, 0
23, 15, 25, 8, 9, 0, 0, 8, 0, 0, 0, 0, 0, 0, 0
23, 16, 27, 8, 11, 0, 0, 8, 0, 0, 0, 0, 0, 0, 0
23, 17, 24, 8, 8, 0, 0, 8, 0, 0, 0, 0, 0, 0, 0
23, 18, 26, 8, 8, 0, 0, 10, 0, 0, 0, 0, 0, 0, 0
23, 19, 28, 8, 10, 0, 0, 10, 0, 0, 0, 0, 0, 0, 0
23, 20, 25, 8, 11, 0, 0, 6, 0, 0, 0, 0, 0, 0, 0
23, 21, 24, 8, 8, 0, 0, 8, 0, 0, 0, 0, 0, 0, 0
23, 22, 21, 8, 7, 0, 0, 6, 0, 0, 0, 0, 0, 0, 0
23, 23, 28, 8, 12, 0, 0, 8, 0, 0, 0, 0, 0, 0, 0
23, 24, 27, 8, 9, 0, 0, 10, 0, 0, 0, 0, 0, 0, 0
23, 25, 25, 8, 9, 0, 0, 8, 0, 0, 0, 0, 0, 0, 0
23, 26, 29, 8, 11, 0, 0, 10, 0, 0, 0, 0, 0, 0, 0
23, 27, 23, 8, 7, 0, 0, 8, 0, 0, 0, 0, 0, 0, 0
23, 28, 23, 8, 7, 0, 0, 8, 0, 0, 0, 0, 0, 0, 0
23, 29, 23, 8, 9, 0, 0, 6, 0, 0, 0, 0, 0, 0, 0
23, 63, 22, 8, 0, 0, 0, 14, 0, 0, 0, 0, 0, 0, 0
24, 0, 29, 8, 17, 0, 0, 4, 0, 0, 0, 0, 0, 0, 0
24, 1, 22, 8, 6, 0, 0, 8, 0, 0, 0, 0, 0, 0, 0
24, 2, 22, 4, 12, 0, 0, 6, 0, 0, 0, 0, 0, 0, 0
24, 3, 32, 6, 12, 0, 0, 14, 0, 0, 0, 0, 0, 0, 0
24, 4, 29, 10, 9, 0, 0, 10, 0, 0, 0, 0, 0, 0, 0
24, 5, 33, 8, 15, 0, 0, 10, 0, 0, 0, 0, 0, 0, 0
24, 6, 24, 6, 8, 0, 0, 10, 0, 0, 0, 0, 0, 0, 0
24, 7, 26, 8, 10, 0, 0, 8, 0, 0, 0, 0, 0, 0, 0
24, 8, 31, 8, 13, 0, 0, 10, 0, 0, 0, 0, 0, 0, 0
24, 9, 21, 8, 7, 0, 0, 6, 0, 0, 0, 0, 0, 0, 0
24, 10, 24, 8, 10, 0, 0, 6, 0, 0, 0, 0, 0, 0, 0
24, 11, 47, 10, 13, 3, 4, 12, 5, 0, 0, 0, 0, 0, 0
24, 12, 23, 8, 9, 0, 0, 6, 0, 0, 0, 0, 0, 0, 0
24, 13, 26, 8, 8, 0, 0, 10, 0, 0, 0, 0, 0, 0, 0
24, 14, 25, 8, 11, 0, 0, 6, 0, 0, 0, 0, 0, 0, 0
24, 15, 25, 8, 9, 0, 0, 8, 0, 0, 0, 0, 0, 0, 0
24, 16, 29, 8, 11, 0, 0, 10, 0, 0, 0, 0, 0, 0, 0
24, 17, 24, 8, 8, 0, 0, 8, 0, 0, 0, 0, 0, 0, 0
24, 18, 28, 8, 8, 0, 0, 12, 0, 0, 0, 0, 0, 0, 0
24, 19, 28, 8, 10, 0, 0, 10, 0, 0, 0, 0, 0, 0, 0
24, 20, 25, 8, 11, 0, 0, 6, 0, 0, 0, 0, 0, 0, 0
24, 21, 25, 8, 9, 0, 0, 8, 0, 0, 0, 0, 0, 0, 0
24, 22, 21, 8, 7, 0, 0, 6, 0, 0, 0, 0, 0, 0, 0
24, 23, 28, 8, 12, 0, 0, 8, 0, 0, 0, 0, 0, 0, 0
24, 24, 27, 8, 9, 0, 0, 10, 0, 0, 0, 0, 0, 0, 0
24, 25, 25, 8, 9, 0, 0, 8, 0, 0, 0, 0, 0, 0, 0
24, 26, 31, 8, 11, 0, 0, 12, 0, 0, 0, 0, 0, 0, 0
24, 27, 25, 8, 7, 0, 0, 10, 0, 0, 0, 0, 0, 0, 0
24, 28, 25, 8, 7, 0, 0, 10, 0, 0, 0, 0, 0, 0, 0
24, 29, 23, 8, 9, 0, 0, 6, 0, 0, 0, 0, 0, 0, 0
24, 63, 24, 8, 0, 0, 0, 16, 0, 0, 0, 0, 0, 0, 0
25, 0, 31, 10, 17, 0, 0, 4, 0, 0, 0, 0, 0, 0, 0
25, 1, 22, 8, 6, 0, 0, 8, 0, 0, 0, 0, 0, 0, 0
25, 2, 24, 6, 12, 0, 0, 6, 0, 0, 0, 0, 0, 0, 0
25, 3, 32, 6, 12, 0, 0, 14, 0, 0, 0, 0, 0, 0, 0
25, 4, 29, 10, 9, 0, 0, 10, 0, 0, 0, 0, 0, 0, 0
25, 5, 33, 8, 15, 0, 0, 10, 0, 0, 0, 0, 0, 0, 0
25, 6, 26, 6, 8, 0, 0, 12, 0, 0, 0, 0, 0, 0, 0
25, 7, 29, 8, 11, 0, 0, 10, 0, 0, 0, 0, 0, 0, 0
25, 8, 34, 10, 14, 0, 0, 10, 0, 0, 0, 0, 0, 0, 0
25, 9, 23, 8, 7, 0, 0, 8, 0, 0, 0, 0, 0, 0, 0
25, 10, 24, 8, 10, 0, 0, 6, 0, 0, 0, 0, 0, 0, 0
25, 11, 47, 10, 13, 3, 4, 12, 5, 0, 0, 0, 0, 0, 0
25, 12, 23, 8, 9, 0, 0, 6, 0, 0, 0, 0, 0, 0, 0
25, 13, 26, 8, 8, 0, 0, 10, 0, 0, 0, 0, 0, 0, 0
25, 14, 27, 8, 11, 0, 0, 8, 0, 0, 0, 0, 0, 0, 0
25, 15, 25, 8, 9, 0, 0, 8, 0, 0, 0, 0, 0, 0, 0
25, 16, 29, 8, 11, 0, 0, 10, 0, 0, 0, 0, 0, 0, 0
25, 17, 24, 8, 8, 0, 0, 8, 0, 0, 0, 0, 0, 0, 0
25, 18, 28, 8, 8, 0, 0, 12, 0, 0, 0, 0, 0, 0, 0
25, 19, 28, 8, 10, 0, 0, 10, 0, 0, 0, 0, 0, 0, 0
25, 20, 28, 8, 12, 0, 0, 8, 0, 0, 0, 0, 0, 0, 0
25, 21, 25, 8, 9, 0, 0, 8, 0, 0, 0, 0, 0, 0, 0
25, 22, 21, 8, 7, 0, 0, 6, 0, 0, 0, 0, 0, 0, 0
25, 23, 30, 10, 12, 0, 0, 8, 0, 0, 0, 0, 0, 0, 0
25, 24, 27, 8, 9, 0, 0, 10, 0, 0, 0, 0, 0, 0, 0
25, 25, 27, 8, 9, 0, 0, 10, 0, 0, 0, 0, 0, 0, 0
25, 26, 31, 8, 11, 0, 0, 12, 0, 0, 0, 0, 0, 0, 0
25, 27, 27, 8, 7, 0, 0, 12, 0, 0, 0, 0, 0, 0, 0
25, 28, 25, 8, 7, 0, 0, 10, 0, 0, 0, 0, 0, 0, 0
25, 29, 23, 8, 9, 0, 0, 6, 0, 0, 0, 0, 0, 0, 0
25, 63, 24, 8, 0, 0, 0, 16, 0, 0, 0, 0, 0, 0, 0
26, 0, 31, 10, 17, 0, 0, 4, 0, 0, 0, 0, 0, 0, 0
26, 1, 22, 8, 6, 0, 0, 8, 0, 0, 0, 0, 0, 0, 0
26, 2, 33, 6, 19, 0, 0, 8, 0, 0, 0, 0, 0, 0, 0
26, 3, 32, 6, 12, 0, 0, 14, 0, 0, 0, 0, 0, 0, 0
26, 4, 30, 10, 10, 0, 0, 10, 0, 0, 0, 0, 0, 0, 0
26, 5, 36, 8, 16, 0, 0, 12, 0, 0, 0, 0, 0, 0, 0
26, 6, 32, 6, 14, 0, 0, 12, 0, 0, 0, 0, 0, 0, 0
26, 7, 37, 10, 17, 0, 0, 10, 0, 0, 0, 0, 0, 0, 0
26, 8, 41, 10, 14, 3, 4, 10, 0, 0, 0, 0, 0, 0, 0
26, 9, 23, 8, 7, 0, 0, 8, 0, 0, 0, 0, 0, 0, 0
26, 10, 27, 8, 11, 0, 0, 8, 0, 0, 0, 0, 0, 0, 0
26, 11, 49, 10, 13, 3, 4, 14, 5, 0, 0, 0, 0, 0, 0
26, 12, 23, 8, 9, 0, 0, 6, 0, 0, 0, 0, 0, 0, 0
26, 13, 26, 8, 8, 0, 0, 10, 0, 0, 0, 0, 0, 0, 0
26, 14, 29, 8, 11, 0, 0, 10, 0, 0, 0, 0, 0, 0, 0
26, 15, 27, 8, 9, 0, 0, 10, 0, 0, 0, 0, 0, 0, 0
26, 16, 29, 8, 11, 0, 0, 10, 0, 0, 0, 0, 0, 0, 0
26, 17, 29, 8, 11, 0, 0, 10, 0, 0, 0, 0, 0, 0, 0
26, 18, 28, 8, 8, 0, 0, 12, 0, 0, 0, 0, 0, 0, 0
26, 19, 30, 8, 10, 0, 0, 12, 0, 0, 0, 0, 0, 0, 0
26, 20, 28, 8, 12, 0, 0, 8, 0, 0, 0, 0, 0, 0, 0
26, 21, 27, 8, 9, 0, 0, 10, 0, 0, 0, 0, 0, 0, 0
26, 22, 21, 8, 7, 0, 0, 6, 0, 0, 0, 0, 0, 0, 0
26, 23, 30, 10, 12, 0, 0, 8, 0, 0, 0, 0, 0, 0, 0
26, 24, 28, 8, 10, 0, 0, 10, 0, 0, 0, 0, 0, 0, 0
26, 25, 27, 8, 9, 0, 0, 10, 0, 0, 0, 0, 0, 0, 0
26, 26, 34, 8, 12, 0, 0, 14, 0, 0, 0, 0, 0, 0, 0
26, 27, 27, 8, 7, 0, 0, 12, 0, 0, 0, 0, 0, 0, 0
26, 28, 29, 8, 11, 0, 0, 10, 0, 0, 0, 0, 0, 0, 0
26, 29, 23, 8, 9, 0, 0, 6, 0, 0, 0, 0, 0, 0, 0
26, 63, 24, 8, 0, 0, 0, 16, 0, 0, 0, 0, 0, 0, 0
27, 0, 31, 10, 17, 0, 0, 4, 0, 0, 0, 0, 0, 0, 0
27, 1, 23, 8, 7, 0, 0, 8, 0, 0, 0, 0, 0, 0, 0
27, 2, 40, 6, 19, 3, 4, 8, 0, 0, 0, 0, 0, 0, 0
27, 3, 33, 6, 13, 0, 0, 14, 0, 0, 0, 0, 0, 0, 0
27, 4, 32, 12, 10, 0, 0, 10, 0, 0, 0, 0, 0, 0, 0
27, 5, 36, 8, 16, 0, 0, 12, 0, 0, 0, 0, 0, 0, 0
27, 6, 34, 8, 14, 0, 0, 12, 0, 0, 0, 0, 0, 0, 0
27, 7, 39, 10, 17, 0, 0, 12, 0, 0, 0, 0, 0, 0, 0
27, 8, 43, 10, 14, 3, 4, 12, 0, 0, 0, 0, 0, 0, 0
27, 9, 23, 8, 7, 0, 0, 8, 0, 0, 0, 0, 0, 0, 0
27, 10, 27, 8, 11, 0, 0, 8, 0, 0, 0, 0, 0, 0, 0
27, 11, 49, 10, 13, 3, 4, 14, 5, 0, 0, 0, 0, 0, 0
27, 12, 24, 8, 10, 0, 0, 6, 0, 0, 0, 0, 0, 0, 0
27, 13, 26, 8, 8, 0, 0, 10, 0, 0, 0, 0, 0, 0, 0
27, 14, 32, 8, 12, 0, 0, 12, 0, 0, 0, 0, 0, 0, 0
27, 15, 29, 8, 9, 0, 0, 12, 0, 0, 0, 0, 0, 0, 0
27, 16, 31, 8, 11, 0, 0, 12, 0, 0, 0, 0, 0, 0, 0
27, 17, 31, 8, 11, 0, 0, 12, 0, 0, 0, 0, 0, 0, 0
27, 18, 28, 8, 8, 0, 0, 12, 0, 0, 0, 0, 0, 0, 0
27, 19, 30, 8, 10, 0, 0, 12, 0, 0, 0, 0, 0, 0, 0
27, 20, 30, 8, 12, 0, 0, 10, 0, 0, 0, 0, 0, 0, 0
27, 21, 29, 8, 9, 0, 0, 12, 0, 0, 0, 0, 0, 0, 0
27, 22, 21, 8, 7, 0, 0, 6, 0, 0, 0, 0, 0, 0, 0
27, 23, 33, 10, 13, 0, 0, 10, 0, 0, 0, 0, 0, 0, 0
27, 24, 28, 8, 10, 0, 0, 10, 0, 0, 0, 0, 0, 0, 0
27, 25, 30, 8, 10, 0, 0, 12, 0, 0, 0, 0, 0, 0, 0
27, 26, 34, 8, 12, 0, 0, 14, 0, 0, 0, 0, 0, 0, 0
27, 27, 27, 8, 7, 0, 0, 12, 0, 0, 0, 0, 0, 0, 0
27, 28, 29, 8, 11, 0, 0, 10, 0, 0, 0, 0, 0, 0, 0
27, 29, 23, 8, 9, 0, 0, 6, 0, 0, 0, 0, 0, 0, 0
27, 63, 26, 8, 0, 0, 0, 18, 0, 0, 0, 0, 0, 0, 0
28, 0, 30, 10, 16, 0, 0, 4, 0, 0, 0, 0, 0, 0, 0
28, 1, 23, 8, 7, 0, 0, 8, 0, 0, 0, 0, 0, 0, 0
28, 2, 48, 6, 25, 3, 4, 10, 0, 0, 0, 0, 0, 0, 0
28, 3, 33, 6, 13, 0, 0, 14, 0, 0, 0, 0, 0, 0, 0
28, 4, 38, 12, 16, 0, 0, 10, 0, 0, 0, 0, 0, 0, 0
28, 5, 36, 8, 16, 0, 0, 12, 0, 0, 0, 0, 0, 0, 0
28, 6, 34, 8, 14, 0, 0, 12, 0, 0, 0, 0, 0, 0, 0
28, 7, 42, 10, 17, 3, 0, 12, 0, 0, 0, 0, 0, 0, 0
28, 8, 43, 10, 14, 3, 4, 12, 0, 0, 0, 0, 0, 0, 0
28, 9, 29, 8, 13, 0, 0, 8, 0, 0, 0, 0, 0, 0, 0
28, 10, 29, 8, 11, 0, 0, 10, 0, 0, 0, 0, 0, 0, 0
28, 11, 51, 12, 13, 3, 4, 14, 5, 0, 0, 0, 0, 0, 0
28, 12, 24, 8, 10, 0, 0, 6, 0, 0, 0, 0, 0, 0, 0
28, 13, 26, 8, 8, 0, 0, 10, 0, 0, 0, 0, 0, 0, 0
28, 14, 34, 8, 12, 0, 0, 14, 0, 0, 0, 0, 0, 0, 0
28, 15, 32, 8, 10, 0, 0, 14, 0, 0, 0, 0, 0, 0, 0
28, 16, 31, 8, 11, 0, 0, 12, 0, 0, 0, 0, 0, 0, 0
28, 17, 33, 10, 11, 0, 0, 12, 0, 0, 0, 0, 0, 0, 0
28, 18, 29, 8, 9, 0, 0, 12, 0, 0, 0, 0, 0, 0, 0
28, 19, 30, 8, 10, 0, 0, 12, 0, 0, 0, 0, 0, 0, 0
28, 20, 32, 8, 12, 0, 0, 12, 0, 0, 0, 0, 0, 0, 0
28, 21, 29, 8, 9, 0, 0, 12, 0, 0, 0, 0, 0, 0, 0
28, 22, 21, 8, 7, 0, 0, 6, 0, 0, 0, 0, 0, 0, 0
28, 23, 35, 10, 13, 0, 0, 12, 0, 0, 0, 0, 0, 0, 0
28, 24, 28, 8, 10, 0, 0, 10, 0, 0, 0, 0, 0, 0, 0
28, 25, 32, 8, 10, 0, 0, 14, 0, 0, 0, 0, 0, 0, 0
28, 26, 34, 8, 12, 0, 0, 14, 0, 0, 0, 0, 0, 0, 0
28, 27, 27, 8, 7, 0, 0, 12, 0, 0, 0, 0, 0, 0, 0
28, 28, 29, 8, 11, 0, 0, 10, 0, 0, 0, 0, 0, 0, 0
28, 29, 23, 8, 9, 0, 0, 6, 0, 0, 0, 0, 0, 0, 0
28, 63, 26, 8, 0, 0, 0, 18, 0, 0, 0, 0, 0, 0, 0
29, 0, 30, 10, 16, 0, 0, 4, 0, 0, 0, 0, 0, 0, 0
29, 1, 28, 10, 10, 0, 0, 8, 0, 0, 0, 0, 0, 0, 0
29, 2, 50, 6, 25, 3, 4, 12, 0, 0, 0, 0, 0, 0, 0
29, 3, 33, 6, 13, 0, 0, 14, 0, 0, 0, 0, 0, 0, 0
29, 4, 38, 12, 16, 0, 0, 10, 0, 0, 0, 0, 0, 0, 0
29, 5, 39, 8, 17, 0, 0, 14, 0, 0, 0, 0, 0, 0, 0
29, 6, 34, 8, 14, 0, 0, 12, 0, 0, 0, 0, 0, 0, 0
29, 7, 44, 10, 17, 3, 0, 14, 0, 0, 0, 0, 0, 0, 0
29, 8, 47, 12, 14, 3, 4, 14, 0, 0, 0, 0, 0, 0, 0
29, 9, 29, 8, 13, 0, 0, 8, 0, 0, 0, 0, 0, 0, 0
29, 10, 33, 10, 11, 0, 0, 12, 0, 0, 0, 0, 0, 0, 0
29, 11, 51, 12, 13, 3, 4, 14, 5, 0, 0, 0, 0, 0, 0
29, 12, 28, 10, 10, 0, 0, 8, 0, 0, 0, 0, 0, 0, 0
29, 13, 30, 10, 8, 0, 0, 12, 0, 0, 0, 0, 0, 0, 0
29, 14, 36, 10, 12, 0, 0, 14, 0, 0, 0, 0, 0, 0, 0
29, 15, 34, 10, 10, 0, 0, 14, 0, 0, 0, 0, 0, 0, 0
29, 16, 33, 10, 11, 0, 0, 12, 0, 0, 0, 0, 0, 0, 0
29, 17, 33, 10, 11, 0, 0, 12, 0, 0, 0, 0, 0, 0, 0
29, 18, 31, 10, 9, 0, 0, 12, 0, 0, 0, 0, 0, 0, 0
29, 19, 32, 10, 10, 0, 0, 12, 0, 0, 0, 0, 0, 0, 0
29, 20, 34, 8, 12, 0, 0, 14, 0, 0, 0, 0, 0, 0, 0
29, 21, 31, 10, 9, 0, 0, 12, 0, 0, 0, 0, 0, 0, 0
29, 22, 23, 10, 7, 0, 0, 6, 0, 0, 0, 0, 0, 0, 0
29, 23, 37, 10, 13, 0, 0, 14, 0, 0, 0, 0, 0, 0, 0
29, 24, 30, 10, 10, 0, 0, 10, 0, 0, 0, 0, 0, 0, 0
29, 25, 34, 10, 10, 0, 0, 14, 0, 0, 0, 0, 0, 0, 0
29, 26, 34, 8, 12, 0, 0, 14, 0, 0, 0, 0, 0, 0, 0
29, 27, 30, 10, 8, 0, 0, 12, 0, 0, 0, 0, 0, 0, 0
29, 28, 31, 10, 11, 0, 0, 10, 0, 0, 0, 0, 0, 0, 0
29, 29, 27, 10, 9, 0, 0, 8, 0, 0, 0, 0, 0, 0, 0
29, 63, 28, 10, 0, 0, 0, 18, 0, 0, 0, 0, 0, 0, 0
30, 0, 30, 10, 16, 0, 0, 4, 0, 0, 0, 0, 0, 0, 0
30, 1, 28, 10, 10, 0, 0, 8, 0, 0, 0, 0, 0, 0, 0
30, 2, 50, 6, 25, 3, 4, 12, 0, 0, 0, 0, 0, 0, 0
30, 3, 33, 6, 13, 0, 0, 14, 0, 0, 0, 0, 0, 0, 0
30, 4, 41, 12, 17, 0, 0, 12, 0, 0, 0, 0, 0, 0, 0
30, 5, 43, 10, 17, 0, 0, 16, 0, 0, 0, 0, 0, 0, 0
30, 6, 34, 8, 14, 0, 0, 12, 0, 0, 0, 0, 0, 0, 0
30, 7, 45, 10, 18, 3, 0, 14, 0, 0, 0, 0, 0, 0, 0
30, 8, 47, 12, 14, 3, 4, 14, 0, 0, 0, 0, 0, 0, 0
30, 9, 29, 8, 13, 0, 0, 8, 0, 0, 0, 0, 0, 0, 0
30, 10, 33, 10, 11, 0, 0, 12, 0, 0, 0, 0, 0, 0, 0
30, 11, 51, 12, 13, 3, 4, 14, 5, 0, 0, 0, 0, 0, 0
30, 12, 28, 10, 10, 0, 0, 8, 0, 0, 0, 0, 0, 0, 0
30, 13, 32, 10, 8, 0, 0, 14, 0, 0, 0, 0, 0, 0, 0
30, 14, 40, 12, 12, 0, 0, 16, 0, 0, 0, 0, 0, 0, 0
30, 15, 34, 10, 10, 0, 0, 14, 0, 0, 0, 0, 0, 0, 0
30, 16, 35, 12, 11, 0, 0, 12, 0, 0, 0, 0, 0, 0, 0
30, 17, 33, 10, 11, 0, 0, 12, 0, 0, 0, 0, 0, 0, 0
30, 18, 31, 10, 9, 0, 0, 12, 0, 0, 0, 0, 0, 0, 0
30, 19, 32, 10, 10, 0, 0, 12, 0, 0, 0, 0, 0, 0, 0
30, 20, 37, 8, 13, 0, 0, 16, 0, 0, 0, 0, 0, 0, 0
30, 21, 32, 10, 10, 0, 0, 12, 0, 0, 0, 0, 0, 0, 0
30, 22, 23, 10, 7, 0, 0, 6, 0, 0, 0, 0, 0, 0, 0
30, 23, 37, 10, 13, 0, 0, 14, 0, 0, 0, 0, 0, 0, 0
30, 24, 30, 10, 10, 0, 0, 10, 0, 0, 0, 0, 0, 0, 0
30, 25, 34, 10, 10, 0, 0, 14, 0, 0, 0, 0, 0, 0, 0
30, 26, 34, 8, 12, 0, 0, 14, 0, 0, 0, 0, 0, 0, 0
30, 27, 30, 10, 8, 0, 0, 12, 0, 0, 0, 0, 0, 0, 0
30, 28, 33, 12, 11, 0, 0, 10, 0, 0, 0, 0, 0, 0, 0
30, 29, 29, 10, 9, 0, 0, 10, 0, 0, 0, 0, 0, 0, 0
30, 63, 28, 10, 0, 0, 0, 18, 0, 0, 0, 0, 0, 0, 0
31, 0, 30, 10, 16, 0, 0, 4, 0, 0, 0, 0, 0, 0, 0
31, 1, 28, 10, 10, 0, 0, 8, 0, 0, 0, 0, 0, 0, 0
31, 2, 55, 8, 26, 3, 4, 14, 0, 0, 0, 0, 0, 0, 0
31, 3, 39, 8, 17, 0, 0, 14, 0, 0, 0, 0, 0, 0, 0
31, 4, 46, 12, 17, 0, 0, 12, 5, 0, 0, 0, 0, 0, 0
31, 5, 43, 10, 17, 0, 0, 16, 0, 0, 0, 0, 0, 0, 0
31, 6, 36, 10, 14, 0, 0, 12, 0, 0, 0, 0, 0, 0, 0
31, 7, 44, 10, 17, 3, 0, 14, 0, 0, 0, 0, 0, 0, 0
31, 8, 54, 12, 21, 3, 4, 14, 0, 0, 0, 0, 0, 0, 0
31, 9, 30, 8, 12, 0, 0, 10, 0, 0, 0, 0, 0, 0, 0
31, 10, 40, 10, 18, 0, 0, 12, 0, 0, 0, 0, 0, 0, 0
31, 11, 51, 12, 13, 3, 4, 14, 5, 0, 0, 0, 0, 0, 0
31, 12, 28, 10, 10, 0, 0, 8, 0, 0, 0, 0, 0, 0, 0
31, 13, 32, 10, 8, 0, 0, 14, 0, 0, 0, 0, 0, 0, 0
31, 14, 40, 12, 12, 0, 0, 16, 0, 0, 0, 0, 0, 0, 0
31, 15, 34, 10, 10, 0, 0, 14, 0, 0, 0, 0, 0, 0, 0
31, 16, 35, 12, 11, 0, 0, 12, 0, 0, 0, 0, 0, 0, 0
31, 17, 33, 10, 11, 0, 0, 12, 0, 0, 0, 0, 0, 0, 0
31, 18, 33, 10, 9, 0, 0, 14, 0, 0, 0, 0, 0, 0, 0
31, 19, 34, 10, 10, 0, 0, 14, 0, 0, 0, 0, 0, 0, 0
31, 20, 39, 8, 13, 0, 0, 18, 0, 0, 0, 0, 0, 0, 0
31, 21, 32, 10, 10, 0, 0, 12, 0, 0, 0, 0, 0, 0, 0
31, 22, 23, 10, 7, 0, 0, 6, 0, 0, 0, 0, 0, 0, 0
31, 23, 37, 10, 13, 0, 0, 14, 0, 0, 0, 0, 0, 0, 0
31, 24, 30, 10, 10, 0, 0, 10, 0, 0, 0, 0, 0, 0, 0
31, 25, 34, 10, 10, 0, 0, 14, 0, 0, 0, 0, 0, 0, 0
31, 26, 36, 10, 12, 0, 0, 14, 0, 0, 0, 0, 0, 0, 0
31, 27, 30, 10, 8, 0, 0, 12, 0, 0, 0, 0, 0, 0, 0
31, 28, 33, 12, 11, 0, 0, 10, 0, 0, 0, 0, 0, 0, 0
31, 29, 31, 10, 9, 0, 0, 12, 0, 0, 0, 0, 0, 0, 0
31, 63, 28, 10, 0, 0, 0, 18, 0, 0, 0, 0, 0, 0, 0
32, 0, 30, 10, 16, 0, 0, 4, 0, 0, 0, 0, 0, 0, 0
32, 1, 30, 10, 10, 0, 0, 10, 0, 0, 0, 0, 0, 0, 0
32, 2, 55, 8, 26, 3, 4, 14, 0, 0, 0, 0, 0, 0, 0
32, 3, 48, 8, 17, 3, 4, 16, 0, 0, 0, 0, 0, 0, 0
32, 4, 51, 14, 18, 0, 0, 14, 5, 0, 0, 0, 0, 0, 0
32, 5, 43, 10, 17, 0, 0, 16, 0, 0, 0, 0, 0, 0, 0
32, 6, 36, 10, 14, 0, 0, 12, 0, 0, 0, 0, 0, 0, 0
32, 7, 46, 10, 17, 3, 0, 16, 0, 0, 0, 0, 0, 0, 0
32, 8, 54, 12, 21, 3, 4, 14, 0, 0, 0, 0, 0, 0, 0
32, 9, 33, 10, 13, 0, 0, 10, 0, 0, 0, 0, 0, 0, 0
32, 10, 42, 10, 18, 0, 0, 14, 0, 0, 0, 0, 0, 0, 0
32, 11, 52, 12, 14, 3, 4, 14, 5, 0, 0, 0, 0, 0, 0
32, 12, 28, 10, 10, 0, 0, 8, 0, 0, 0, 0, 0, 0, 0
32, 13, 32, 10, 8, 0, 0, 14, 0, 0, 0, 0, 0, 0, 0
32, 14, 40, 12, 12, 0, 0, 16, 0, 0, 0, 0, 0, 0, 0
32, 15, 34, 10, 10, 0, 0, 14, 0, 0, 0, 0, 0, 0, 0
32, 16, 35, 12, 11, 0, 0, 12, 0, 0, 0, 0, 0, 0, 0
32, 17, 33, 10, 11, 0, 0, 12, 0, 0, 0, 0, 0, 0, 0
32, 18, 33, 10, 9, 0, 0, 14, 0, 0, 0, 0, 0, 0, 0
32, 19, 37, 10, 11, 0, 0, 16, 0, 0, 0, 0, 0, 0, 0
32, 20, 41, 10, 13, 0, 0, 18, 0, 0, 0, 0, 0, 0, 0
32, 21, 34, 10, 10, 0, 0, 14, 0, 0, 0, 0, 0, 0, 0
32, 22, 23, 10, 7, 0, 0, 6, 0, 0, 0, 0, 0, 0, 0
32, 23, 39, 10, 13, 0, 0, 16, 0, 0, 0, 0, 0, 0, 0
32, 24, 31, 10, 11, 0, 0, 10, 0, 0, 0, 0, 0, 0, 0
32, 25, 34, 10, 10, 0, 0, 14, 0, 0, 0, 0, 0, 0, 0
32, 26, 38, 12, 12, 0, 0, 14, 0, 0, 0, 0, 0, 0, 0
32, 27, 30, 10, 8, 0, 0, 12, 0, 0, 0, 0, 0, 0, 0
32, 28, 33, 12, 11, 0, 0, 10, 0, 0, 0, 0, 0, 0, 0
32, 29, 33, 10, 9, 0, 0, 14, 0, 0, 0, 0, 0, 0, 0
32, 63, 28, 10, 0, 0, 0, 18, 0, 0, 0, 0, 0, 0, 0
33, 0, 32, 12, 16, 0, 0, 4, 0, 0, 0, 0, 0, 0, 0
33, 1, 36, 10, 16, 0, 0, 10, 0, 0, 0, 0, 0, 0, 0
33, 2, 56, 8, 25, 3, 4, 16, 0, 0, 0, 0, 0, 0, 0
33, 3, 48, 8, 17, 3, 4, 16, 0, 0, 0, 0, 0, 0, 0
33, 4, 51, 14, 18, 0, 0, 14, 5, 0, 0, 0, 0, 0, 0
33, 5, 46, 10, 18, 0, 0, 18, 0, 0, 0, 0, 0, 0, 0
33, 6, 36, 10, 14, 0, 0, 12, 0, 0, 0, 0, 0, 0, 0
33, 7, 47, 10, 18, 3, 0, 16, 0, 0, 0, 0, 0, 0, 0
33, 8, 56, 14, 21, 3, 4, 14, 0, 0, 0, 0, 0, 0, 0
33, 9, 33, 10, 13, 0, 0, 10, 0, 0, 0, 0, 0, 0, 0
33, 10, 42, 10, 18, 0, 0, 14, 0, 0, 0, 0, 0, 0, 0
33, 11, 57, 14, 17, 3, 4, 14, 5, 0, 0, 0, 0, 0, 0
33, 12, 28, 10, 10, 0, 0, 8, 0, 0, 0, 0, 0, 0, 0
33, 13, 32, 10, 8, 0, 0, 14, 0, 0, 0, 0, 0, 0, 0
33, 14, 40, 12, 12, 0, 0, 16, 0, 0, 0, 0, 0, 0, 0
33, 15, 34, 10, 10, 0, 0, 14, 0, 0, 0, 0, 0, 0, 0
33, 16, 37, 12, 11, 0, 0, 14, 0, 0, 0, 0, 0, 0, 0
33, 17, 33, 10, 11, 0, 0, 12, 0, 0, 0, 0, 0, 0, 0
33, 18, 33, 10, 9, 0, 0, 14, 0, 0, 0, 0, 0, 0, 0
33, 19, 37, 10, 11, 0, 0, 16, 0, 0, 0, 0, 0, 0, 0
33, 20, 46, 12, 16, 0, 0, 18, 0, 0, 0, 0, 0, 0, 0
33, 21, 36, 10, 10, 0, 0, 16, 0, 0, 0, 0, 0, 0, 0
33, 22, 23, 10, 7, 0, 0, 6, 0, 0, 0, 0, 0, 0, 0
33, 23, 39, 10, 13, 0, 0, 16, 0, 0, 0, 0, 0, 0, 0
33, 24, 33, 10, 11, 0, 0, 12, 0, 0, 0, 0, 0, 0, 0
33, 25, 36, 10, 10, 0, 0, 16, 0, 0, 0, 0, 0, 0, 0
33, 26, 38, 12, 12, 0, 0, 14, 0, 0, 0, 0, 0, 0, 0
33, 27, 30, 10, 8, 0, 0, 12, 0, 0, 0, 0, 0, 0, 0
33, 28, 33, 12, 11, 0, 0, 10, 0, 0, 0, 0, 0, 0, 0
33, 29, 35, 10, 9, 0, 0, 16, 0, 0, 0, 0, 0, 0, 0
33, 63, 28, 10, 0, 0, 0, 18, 0, 0, 0, 0, 0, 0, 0
34, 0, 33, 12, 17, 0, 0, 4, 0, 0, 0, 0, 0, 0, 0
34, 1, 39, 10, 16, 3, 0, 10, 0, 0, 0, 0, 0, 0, 0
34, 2, 56, 8, 25, 3, 4, 16, 0, 0, 0, 0, 0, 0, 0
34, 3, 48, 8, 17, 3, 4, 16, 0, 0, 0, 0, 0, 0, 0
34, 4, 57, 14, 22, 0, 0, 16, 5, 0, 0, 0, 0, 0, 0
34, 5, 49, 12, 19, 0, 0, 18, 0, 0, 0, 0, 0, 0, 0
34, 6, 38, 10, 14, 0, 0, 14, 0, 0, 0, 0, 0, 0, 0
34, 7, 47, 10, 18, 3, 0, 16, 0, 0, 0, 0, 0, 0, 0
34, 8, 59, 14, 22, 3, 4, 16, 0, 0, 0, 0, 0, 0, 0
34, 9, 35, 10, 13, 0, 0, 12, 0, 0, 0, 0, 0, 0, 0
34, 10, 42, 10, 18, 0, 0, 14, 0, 0, 0, 0, 0, 0, 0
34, 11, 59, 14, 17, 3, 4, 16, 5, 0, 0, 0, 0, 0, 0
34, 12, 30, 10, 10, 0, 0, 10, 0, 0, 0, 0, 0, 0, 0
34, 13, 32, 10, 8, 0, 0, 14, 0, 0, 0, 0, 0, 0, 0
34, 14, 40, 12, 12, 0, 0, 16, 0, 0, 0, 0, 0, 0, 0
34, 15, 34, 10, 10, 0, 0, 14, 0, 0, 0, 0, 0, 0, 0
34, 16, 37, 12, 11, 0, 0, 14, 0, 0, 0, 0, 0, 0, 0
34, 17, 33, 10, 11, 0, 0, 12, 0, 0, 0, 0, 0, 0, 0
34, 18, 34, 10, 10, 0, 0, 14, 0, 0, 0, 0, 0, 0, 0
34, 19, 37, 10, 11, 0, 0, 16, 0, 0, 0, 0, 0, 0, 0
34, 20, 48, 12, 16, 0, 0, 20, 0, 0, 0, 0, 0, 0, 0
34, 21, 36, 10, 10, 0, 0, 16, 0, 0, 0, 0, 0, 0, 0
34, 22, 25, 10, 7, 0, 0, 8, 0, 0, 0, 0, 0, 0, 0
34, 23, 39, 10, 13, 0, 0, 16, 0, 0, 0, 0, 0, 0, 0
34, 24, 35, 10, 11, 0, 0, 14, 0, 0, 0, 0, 0, 0, 0
34, 25, 36, 10, 10, 0, 0, 16, 0, 0, 0, 0, 0, 0, 0
34, 26, 38, 12, 12, 0, 0, 14, 0, 0, 0, 0, 0, 0, 0
34, 27, 30, 10, 8, 0, 0, 12, 0, 0, 0, 0, 0, 0, 0
34, 28, 33, 12, 11, 0, 0, 10, 0, 0, 0, 0, 0, 0, 0
34, 29, 36, 10, 10, 0, 0, 16, 0, 0, 0, 0, 0, 0, 0
34, 63, 28, 10, 0, 0, 0, 18, 0, 0, 0, 0, 0, 0, 0
35, 0, 35, 12, 16, 3, 0, 4, 0, 0, 0, 0, 0, 0, 0
